18596	New - 15' Hi Res SVGA Extension by Startech.com - MXT105HQ	466
42503	Telpix MM-LCD-102 LCD Monitor Wall Mount, Single Arm, Swivel, 33lb Load	466
18614	DoubleSight Dual Monitor Flex Stand, Up to 19-Inch Monitors DS-219STA	466
43042	Uniscope US828 TD-LTE Case Stand with Quick Camera Access Various Colors + NEXTDIA Velcro Cable Tie	466
43042	Yezz Andy AC5QP Single SIM Case Stand with Quick Camera Access Various Colors + NEXTDIA Velcro Cable Tie	466
22012	Ergotron StyleView Multi Component Mount for CPU, Flat Panel Display, Mouse, Keyboard 45-272-026	466
30357	3M TM Adjustable Monitor Stand, MS80B	466
2629	MoldingsOnline 2002748423 Riser, 48 x 7.5 x 0.75-Inch	466
29299	Fel8020101Us Riser Monitor Bk	466
15042	Professional Series Depth Adjustable Dual Monitor Arm	466
9814	Fellowes® Premium CPU Stand STAND,CPU,PREMIUM Pack of3	466
29299	Fellowes Standard Monitor Riser	466
29299	Fellowes Depth Adjustable Monitor Arm 8041601	466
4575	Free Stand Pole Mt Array	466
38872	Planar Universal Height Adjust Stand	466
42503	"HEWLETT-PACKARD A1X79AT / DUAL POSITION L6010 STAND Up to 10.4"" Monitor"	466
29299	Quality Monitor Riser By Fellowes	466
29299	FELLOWES office suites standard monitor riser plus	466
43042	Lenovo A859 Case Stand with Quick Camera Access Various Colors + NEXTDIA Velcro Cable Tie	466
22246	Allsop Metal Art Jr. Monitor Stand, holds 40 lbs with keyboard storage space - Pewter 27021	466
29299	Fellowes Office Suites Standard Monitor Riser Plus (8036601) by Fellowes	466
2820	Kensington Monitor Stand with SmartFit System	466
26391	NEW - CRT/LCD Stand with Keyboard Storage, 23 x 13 1/4 x 3, Gray - MS280	466
36200	"VIVO Laptop & Dual LCD Monitor Desk Mount Stand Black fits 2 Screens up to 27"" STAND-V003L"	466
4575	Chief Mfg. Genuine Triple Array Table Stand	466
17101	Single Monitor Flex Arm, Delux	466
2820	Kensington K60903US Column Mnt Monitor Arm support	466
29299	Targus Unofficial Slipcase Designed for 10.2 Inch Netbooks TSS14101US Black	466
43042	Eccotemp 45HI-NG Vertical Bundle	466
29299	"Ikan 10"" Articulating Monitor Arm"	466
29299	Office Suites Monitor Riser Height Adjust Silver/Black by Fellowes	466
29299	"Dell E178FPv 17"" Monitor Stand"	466
43042	"36"" DIRECT DRIVE 4-IN-1MANCOOLER 4 MOUNTING OP"	466
42503	1M5Y2 - Dell Flat Panel Monitor Stand for Select Latitude Laptops / Precision Mobile WorkStations - 1M5Y2	466
45120	Pro Carbon Monoxide Single Gas Monitor	466
18614	Doublesight DS-VS75 75 x 75 mm VESA Bracket for Smart USB Monitors	466
18614	Sparepart: HP Monitor Base Stand, 583847-001	466
42503	Middle Atlantic LCD Monitoring/Command Desk CPU I	466
20299	Ergotech APEX Slat-Wall Decq 5 x 5 Monitor Mount 900-S16-B55 	466
43042	Intex Aqua Curve Case Stand with Quick Camera Access Various Colors + NEXTDIA Velcro Cable Tie	466
43042	ZTE Blade Q Maxi Case Stand with Quick Camera Access Various Colors + NEXTDIA Velcro Cable Tie	466
42503	"Manhattan Lcd Monitor Mount With Double-Link Swing Arms, 2 Monitors - Securely Holds Two Lcd Monitors Up To 24"" And 15.4 Pounds Each"" ""Product Category: Kits/Mounting Kits"""	466
28465	Monitor Riser 88 x 20 x 48 White/Gray	466
19709	ESI - EDGE Series Dual Monitor Arms	466
43042	Icemobile Galaxy Gprime Extreme Case Stand with Quick Camera Access Various Colors + NEXTDIA Velcro Cable Tie	466
43042	Techno Phantom A F7 Case Stand with Quick Camera Access Various Colors + NEXTDIA Velcro Cable Tie	466
30357	3M Adjustable Monitor Stand with Drawer MS101	466
10845	"Triple LCD Monitor Desk Mount Stand Heavy Duty Adjustable 3 Screens Upto 24"""	466
42503	SIIG CE-MT1M12-S1 Monitor Desk Mounting Kit Tilt and Swivel, Blue	466
29299	Fellowes Office Suites Standard Monitor Riser Plus 8036601	466
43042	TU Two Pc Base Rev ABolt Mtte	466
43042	Gionee Elife E3 Case Stand with Quick Camera Access Various Colors + NEXTDIA Velcro Cable Tie	466
22246	Allsop Metal Art Monitor Stand	466
22246	Monitor Stand, Pewter, Steel	466
42835	HP monitor multimedia stand PM552AA	466
43042	Lenovo S650 Case Stand with Quick Camera Access Various Colors + NEXTDIA Velcro Cable Tie	466
43042	Samsung GALAXY Note 3 Neo 3G SM-N750 Case Stand with Quick Camera Access Various Colors + NEXTDIA Velcro Cable Tie	466
34259	Humanscale VF36-SDXX-22510 VFLEX,36 INCH TRACK, SOLO ARM AND TWO 12 INCH STRAIGHT LINK ARMS FOR MONITOR A	466
29299	Fellowes Standard Monitor Riser 91712	466
43042	Alcatel Idol X+ Case Stand with Quick Camera Access Various Colors + NEXTDIA Velcro Cable Tie	466
29299	Rectangle Aluminum Riser	466
42503	SUPER PCTMDell 19-inch Dual Display Bundle - Qty 2 - Dell E1912H Widescreen Flat Panel Monitor with 3-Year Warranty and 1 Array Table Stand - Black	466
23271	Targus Univ. Monitor Stand	466
2629	MoldingsOnline 3385548422 Riser, 48 x 7.5 x 0.25-Inch	466
2820	Monitor Stand	466
43042	Oppo R1S Case Stand with Quick Camera Access Various Colors + NEXTDIA Velcro Cable Tie	466
43042	Intex Aqua Curve Case Stand with Quick Camera Access Various Colors + NEXTDIA Velcro Cable Tie	466
30187	Triple Monitor Desktop Stand	466
22246	RolodexTM Large Monitor Stand STAND,LGE MONITOR,BKSR 76-PN06-0509 Pack of2	466
4575	Chief Mfg. Single-monitor Desk Mount Blk k1d100b -	466
38872	Planar Monitor Stand 997-5602-00	466
29299	Fellowes Standard Monitor Riser 91712	466
22246	Allsop Metal Art Jr monitor stand - Pearl Black	466
22246	Allsop Metal Art Monitor Stand - Black	466
29299	Fellowes Monitor Riser Premium - stand 8031001 -	466
43042	ZTE Grand S Case Stand with Quick Camera Access Various Colors + NEXTDIA Velcro Cable Tie	466
42503	"V7 3-way adjustable articulating desk mount and height adjustable stand - Fits 10"" - 24"" LED LCD monitors - VESA Rotate Swivel hassle-free clamp"	466
43042	Amoi A955T Case Stand with Quick Camera Access Various Colors + NEXTDIA Velcro Cable Tie	466
43042	Yota YotaPhone 2 Case Stand with Quick Camera Access Various Colors + NEXTDIA Velcro Cable Tie	466
37303	** Deluxe Mobile CPU Stand, 12w x 12d x 18h, Black **	466
43042	AVR JTAG AVR-USB Emulator Simulator Debugger Programmer JTAG ICE for Atmel	466
36200	Kensington Flat-Panel Monitor Stand for LCD Monitors up to 22 Inches, Black, 60046	466
15713	Focus Notebook and Monitor Arm	466
2820	RolodexTM Monitor Stand STAND,DESKTOP MONITOR,MY 1C1848B Pack of2	466
42835	HP Business Genuine Adjustable Dual Monitor Stand	466
18614	DoubleSight Dual Monitor Flex Stand, Up to 19-Inch Monitors DS-219STA	466
2629	MoldingsOnline 3385242420 Riser, 42 x 7.5 x 0.25-Inch	466
29299	FellowesDesigner Suites Monitor Riser	466
29299	Modular notebook arm, black	466
18614	DoubleSight Displays, Single Monitor Stand Catalog Category: Monitors / Accessories for Monitors	466
2820	Kensington Flat Panel Monitor Arm - 595387	466
45120	Innovative Office Products WNST1FSLBLK104 SIT STAND SINGLE MONITOR BLACK VERSION 9-20LBS	466
29299	Fellowes - Monitor Riser Black Pearl	466
22246	Allsop Metal Art Jr monitor stand - Pearl Black	466
22246	"Colorful and Disposable ""Aged to Perfection"" Cake Stand with Matching Black Server"	466
43042	Huawei Honor 3X Case Stand with Quick Camera Access Various Colors + NEXTDIA Velcro Cable Tie	466
29299	TV Logic Sun Hood for VFM-058W Monitor	466
43042	Huawei G610s Case Stand with Quick Camera Access Various Colors + NEXTDIA Velcro Cable Tie	466
18614	DoubleSight Single Monitor Flex Arm, Deluxe Pole Style, 14-30 lbs capacity per Monitor DS-30PHS	466
29299	"Designer Ribbons- Les Animaux Black Horses 3/4"""	466
43042	Intel AXXRACKARM2 Cable management arm	466
22246	29248 REDMOND MONITOR STAND	466
18614	DoubleSight Displays DS-230STA Dual Monitor Flex Stand	466
18614	GE 72351-01-04-01-03-03-15 Dual Thrust Monitor Board	466
2820	Flat Panel Monitor Stand Black	466
4399	Hp Business Adjustable Display Stand aw663ut#aba -	466
30187	Planar Systems - 997-6504-00 - Taa Compliant. Supports 24inch To 32inch Monitor And Weighing Less	466
42383	Dell Monitor Stand - 0UC795	466
2820	Kensington K60089 Monitor Stand Plus with SmartFit System	466
43042	Gionee Gpad G1 Case Stand with Quick Camera Access Various Colors + NEXTDIA Velcro Cable Tie	466
43042	Faea F2S Case Stand with Quick Camera Access Various Colors + NEXTDIA Velcro Cable Tie	466
43042	Faea F2 Case Stand with Quick Camera Access Various Colors + NEXTDIA Velcro Cable Tie	466
43042	Huawei Honor 3C Case Stand with Quick Camera Access Various Colors + NEXTDIA Velcro Cable Tie	466
2629	MoldingsOnline 3244936425 Riser, 36 x 7.5 x 0.75-Inch	466
22246	"- Metal Art Jr. Monitor Stand, 11"" x 14 1/2"" x 4 1/2"", Pewter"	466
18614	"24"" Dual Monitor Stand"	466
15557	25Ft Vga Monitor Extension Hddb15M/F W/ Thumbscrews Rohs - Model#: F2N025-25	466
45077	Balt 66582 Dual Arm Wall Mount, Steel/Plastic, 17 x 15 x 7, Gray/Black	466
42835	HP Single Monitor Arm	466
32754	The Best QUAD LCD MONITOR DESK STAND	466
45120	"Single LCD Monitor Desk Stand Fully Adjustable/tilt for 1 Screen up to 27"""	466
22246	Allsop Metal Art Jr. Monitor Stand, holds 40 lbs with keyboard storage space - Pewter 27021	466
15042	Professional Series Depth Adjustable Dual Monitor Arm	466
29299	GE 90225-22-02-06-01-02-02-03-01-02 Temp Monitor Board	466
43042	Koobee Muse M2 TD-LTE Case Stand with Quick Camera Access Various Colors + NEXTDIA Velcro Cable Tie	466
9814	Brand New Fellowes Premium Cpu Stand	466
42383	"Dell 317-3893 All-in-One HAS Stand with Handle for Dell E Pand U Monitors 17-22"" supports OptiPlex USFF PCs"	466
22012	MX Desk Mount LCD Arm	466
2629	MoldingsOnline 3374142420 Riser, 42 x 7.5 x 0.25-Inch	466
43042	THL T11 Case Stand with Quick Camera Access Various Colors + NEXTDIA Velcro Cable Tie	466
43042	Huawei G610s Case Stand with Quick Camera Access Various Colors + NEXTDIA Velcro Cable Tie	466
17430	Mobile CPU Stand, Beige	466
2820	Monitor Stand	466
43042	Oppo R1 R829T Case Stand with Quick Camera Access Various Colors + NEXTDIA Velcro Cable Tie	466
43042	Faea F2S Case Stand with Quick Camera Access Various Colors + NEXTDIA Velcro Cable Tie	466
30187	"Kensington Monitor Stand with SmartFit System - Stand for monitor - screen size: up to 17"""	466
34062	EEEKit 436840e1 Multipurpose Dual Mounting Kit (Black)	466
43042	Faea F2 Case Stand with Quick Camera Access Various Colors + NEXTDIA Velcro Cable Tie	466
43042	Jiake P6 Case Stand with Quick Camera Access Various Colors + NEXTDIA Velcro Cable Tie	466
29299	Supervisory Circuits 3V VTG Monitor MPU (50 pieces)	466
27434	Dyconn DE300S BUTTERFLY MONITOR GROMMET/CLAMP Desk Mount	466
22246	Allsop Redmond Monitor Stand, 14 5/8 x 11 x 4 1/4, Black/Gray/Silver	466
43042	Icemobile Galaxy Prime Plus Case Stand with Quick Camera Access Various Colors + NEXTDIA Velcro Cable Tie	466
18614	DoubleSight Single Monitor Flex Arm, Pole Style, 6-20 lbs capacity per Monitor DS-20PH	466
22012	Compaq Comp. 2GB MEMUPG PC2100 DDR-ML370 G3 ONLY KIT PAIRS 300680-B21	466
29299	Designer Suites Laptop Riser	466
43042	Asus PadFone Infinity Lite Case Stand with Quick Camera Access Various Colors + NEXTDIA Velcro Cable Tie	466
15119	"Monitor Dust Cover Gray Nylon- Designed for 22""-24"" LCD Monitors - 23""W x 2.5""D x 17.5""H"	466
43042	Lenovo S920 Case Stand with Quick Camera Access Various Colors + NEXTDIA Velcro Cable Tie	466
2820	Kensington Premium View Clip Copyholder, Monitor Mount, Gray/Platinum	466
29299	Fellowes� Designer SuitesTM Monitor Riser, Black Pearl	466
2820	Flat Panel Monitor Arm	466
29299	FEL8036601 - Fellowes Monitor Riser	466
4575	DYNAMIC DESK CLAMP MOUNT/ DUAL MONITOR	466
17085	3M Products - Weatherproofing kit WK100	466
27397	MDS14 Dual Monitor Stand	466
42835	Hp Promo Single Monitor Arm.	466
2629	MoldingsOnline 3385542421 Riser, 42 x 7.5 x 0.75-Inch	466
2820	Flat Panel Monitor Stand Black	466
43042	Yota YotaPhone 2 Case Stand with Quick Camera Access Various Colors + NEXTDIA Velcro Cable Tie	466
29299	Designer Suites Monitor Riser by Fellowes	466
43042	Blu Studio 5.3 II D540 Case Stand with Quick Camera Access Various Colors + NEXTDIA Velcro Cable Tie	466
2820	Kensington Flat Panel Monitor Stand	466
43042	Faea F2S Case Stand with Quick Camera Access Various Colors + NEXTDIA Velcro Cable Tie	466
22246	Allsop Large Metal Art Monitor Stand, holds 50 lbs with keyboard storage space - Black 30336	466
43042	Blu Life One M Case Stand with Quick Camera Access Various Colors + NEXTDIA Velcro Cable Tie	466
34062	Panasonic Mounting Bracket TY-WK42PV20	466
42835	HP 9000 Rear Flapper Arm	466
18614	DoubleSight Single Monitor Flex Arm, Pole Style, 14-30 lbs capacity per Monitor DS-30PH	466
43042	Karbonn S5 Titanium Case Stand with Quick Camera Access Various Colors + NEXTDIA Velcro Cable Tie	466
43042	Blu Studio 5.3 II D540 Case Stand with Quick Camera Access Various Colors + NEXTDIA Velcro Cable Tie	466
43042	Lenovo S890 Case Stand with Quick Camera Access Various Colors + NEXTDIA Velcro Cable Tie	466
43042	Celkon A107 Case Stand with Quick Camera Access Various Colors + NEXTDIA Velcro Cable Tie	466
15042	Prestige International, Inc. Integ Blade Lcd Dual Monitor Arm-silver	466
43042	"Zenec Mr1502 39,116 Cm (15.4 "") Monitor"	466
4575	GiAnt2™ Ultra-High Gain MIMO Antenna for B&B Electronic Spectre LTE Router Dual Ultra-Directional Vertical + Horizontal Polarizations	466
43042	Spice Mi-502 Smartflo Pace2 Case Stand with Quick Camera Access Various Colors + NEXTDIA Velcro Cable Tie	466
18614	DoubleSight Quad Monitor Flex Stand Accommodates Up to 30-Inch Monitors DS-430STA 	466
42503	"Gateway 8015480R VESA Compatible Monitor Stand w/ 4-Port USB Hub Black - Supports up to 24"" LCD Monitors"	466
43042	C&D Visionary 3-Inch Button, Large, Joker	466
18614	DoubleSight Displays DS-30PH Single Monitor Flex Arm, Pole	466
43042	Lava Iris 504Q Case Stand with Quick Camera Access Various Colors + NEXTDIA Velcro Cable Tie	466
45120	Anthro Zido Single Monitor Mount	466
22246	Allsop Metal Art Jr monitor stand - Pearl Black Color: Pearl Black	466
43042	LG Isai FL Case Stand with Quick Camera Access Various Colors + NEXTDIA Velcro Cable Tie	466
20313	Ergotron DS Series DS100 Quad Monitor Desk Stand	466
18614	DoubleSight Triple Monitor Flex Arm, Swing Style, <30 lbs capacity per Monitor DS-324PS	466
29299	Fellowes Designer Suites Monitor Arm 8038201	466
30187	Targus Universal Monitor Stand - Up to 100lb - Black - PA235U	466
26391	Kantek Deluxe Mobile CPU Stand, 12w x 12d x 18h, Black	466
43042	ZTE V887 Case Stand with Quick Camera Access Various Colors + NEXTDIA Velcro Cable Tie	466
2820	NEW ROCHESTER RIS 1058-558 AN-3145 Temperature Monitor Panel AT-2	466
19709	LCD Monitor Mounting 17/19IN Bracket for 19IN Racks & Cabinets	466
20313	"Monitor Desk Mount - 10"""" to 26"	466
14912	Lenovo 55Y9258 Easy Reach Monitor	466
15557	KITASP27021BLKA3L79125 - Value Kit - Belkin CAT5e Snagless Patch Cable BLKA3L79125 and Allsop Metal Art Jr. Monitor Stand ASP27021	466
43042	Lenovo A859 Case Stand with Quick Camera Access Various Colors + NEXTDIA Velcro Cable Tie	466
32754	KENSINGTON LCD deskmount monitor arm for LCD alt 60056 black	466
43042	Lenovo S890 Case Stand with Quick Camera Access Various Colors + NEXTDIA Velcro Cable Tie	466
37303	Mobile CPU Stand, 4-1/2w x 16d x 7h, Black	466
26391	KANTEK MS500 Wide Two-Level Stand, Height-Adjustable, 20 x 13 1/4, Black	466
39943	"Aidma Enterprise Co Aidma MR301 Monitor Riser for 24"" Most Monitor"	466
30187	ERGOTRON Double Monitor Stand - Vertical	466
43042	Techno Phantom A F7 Case Stand with Quick Camera Access Various Colors + NEXTDIA Velcro Cable Tie	466
22246	Redmond Monitor Stand, 14 5/8 x 11 x 4 1/4, Black/Gray/Silver - ASP29248	466
43042	Low Profile Microtome Blades ONE BOX=50 blades . PTFE Coating for a flaw-free Edge	466
35964	IdeaUp Wooden computer LCD Monitors Base Stand Cream	466
4399	ERGOTRON WORKFIT B SIT STAND BASE HD / 24-388-009 /	466
25707	Spin2 Monitor Stand, 14 x 14 x 3 1/4, Black	466
32754	"Ergotech Group, Inc - Ergotech Hex Lcd Monitor Desk Stand - 28"" Pole - Black - Hex 3 Over 3 W/Heavy Duty Stand ""Product Category: Accessories/Stands & Cabinets"""	466
18614	"24"" Dual Monitor Stand"	466
22246	Allsop Monitor Corner Stand Metal Art - Silver 29191 	466
11415	Easy-Adjust Dual Monitor Arm; 4 1/2 x 11 1/2, Black/Gray	466
2820	Kensington K60089 Monitor Stand Plus with SmartFit System	466
43042	LDR 310 P-2 Plug, Black, 2-Inch	466
32644	Dual Laptop Tablet Desk Mount Stand Holder Adjustable Arms	466
43042	Allview X1 Xtreme Case Stand with Quick Camera Access Various Colors + NEXTDIA Velcro Cable Tie	466
15042	Interion Ontop Quadruple Desktop Monitor Mount	466
29299	Fellowes Standard Monitor Riser 91712 	466
43042	Lenovo S850 Case Stand with Quick Camera Access Various Colors + NEXTDIA Velcro Cable Tie	466
42383	Dell Opti Micro Vertical Stand 462-7668	466
22675	Fellowes Adjustable Dual Monitor Arm 8041701	466
42503	PLANAR Triple Monitor Stand / 997-6035-00 /	466
43042	Allview X1 Soul Case Stand with Quick Camera Access Various Colors + NEXTDIA Velcro Cable Tie	466
43042	Oppo R1 R829T Case Stand with Quick Camera Access Various Colors + NEXTDIA Velcro Cable Tie	466
43042	Maxx MSD7 3G-AX51 Case Stand with Quick Camera Access Various Colors + NEXTDIA Velcro Cable Tie	466
24388	"Maretron TLM100 Tank Level Monitor - 40"" Depth Max - No Gas"	466
18614	DoubleSight Single Monitor Flex Arm, Swing Style, <30 lbs capacity per Monitor DS-30PS	466
27397	MDS14 Dual Monitor Stand	466
43042	Alcatel Idol X+ Case Stand with Quick Camera Access Various Colors + NEXTDIA Velcro Cable Tie	466
2629	MoldingsOnline 3374348422 Riser, 48 x 7.5 x 0.25-Inch	466
27397	MDS14 Dual Monitor Stand	466
43042	Xolo Q1000S Case Stand with Quick Camera Access Various Colors + NEXTDIA Velcro Cable Tie	466
20313	Cemt0q11s1 - Dual Monitor Desk Mount	466
43042	Spice Mi-515 Coolpad Case Stand with Quick Camera Access Various Colors + NEXTDIA Velcro Cable Tie	466
2629	MoldingsOnline 3374348423 Riser, 48 x 7.5 x 0.75-Inch	466
43042	Oppo R1S Case Stand with Quick Camera Access Various Colors + NEXTDIA Velcro Cable Tie	466
15042	Professional Series Depth Adjustable Dual Monitor Arm	466
34259	Single Monitor Arm	466
11416	Metal Art Monitor Stand, 18 1/2 x 12 1/4 x 5 1/4, Black	466
29299	Hoffman VAMONITOR Monitor and Keyboard Arm	466
43042	Acer Aspire One D255 Cover HDD Housing 33.SDE02.001	466
29299	Fellowes Designer Suites Laptop Arm 80348	466
30187	SUPER PC Quad Monitor Multitasking Computer System Supports up to Four DVI, HDMI, or VGA Displays	466
27397	Dual Monitor Stand	466
26391	Kantek Single Level Height-Adjustable Monitor Stand, 17 x 13 1/4 x 3 to 6 1/2 Inches, Black MS400	466
2820	Blue Sea 8267 End Mount Contura Switch Mounting Panel	466
29299	Designer Suites Laptop Riser -2 Pack	466
12542	-- Monitor Riser, 8.8 x 20 x 4.8, White/Gray	466
2629	MoldingsOnline 3376136425 Riser, 36 x 7.5 x 0.75-Inch	466
15183	"Aidma Enterprise Co., Ltd - Monitor Riser For Most Monitor Up To 24In Monitors Via Ergoguys - Up To 24"" Screen Support - Flat Panel Display Type Supported13"" Width X 13.5"" Depth - Desktop ""Product Category: Accessories/Stands & Cabinets"""	466
22012	Mounting Arm for Monitor and Keyboard	466
29299	Standard Monitor Riser	466
25707	Kensington 60049 Spin2 Monitor Stand, 14 x 14 x 3 1/4, Black KMW60049	466
32754	"Elo 1522l 15"" Lcd Intellitouch Usb Dark Gray Short Stand Desktop"	466
25440	"NEW-Maywood (MF1496RISER) - 14"" x 96"" Standard Series Mayfoam Riser w/Channel Aluminum Edge"	466
17430	IVR54000 - Innovera Metal Mobile CPU Stand	466
2820	Atdec 17.5lbs Max Aluminum Monitor Stand	466
42835	Genuine HP LH2065N LCD Monitor Stand Part 35509K0150	466
43042	Archos 50 Oxygen Case Stand with Quick Camera Access Various Colors + NEXTDIA Velcro Cable Tie	466
43042	Samsung Galaxy Note 3 Neo Case Stand with Quick Camera Access Various Colors + NEXTDIA Velcro Cable Tie	466
43042	"13 to 37"" Tilt Wall Mount"	466
30357	3M MALTOP MONITOR ARM SUP FOR MA260MB MA240MB	466
18614	"Adjustable Dual Monitor Arm, 3-1/2""x16-1/4""x16"",SR, Sold as 1 Each"	466
22246	Allsop Metal Art Jr. Monitor Stand, holds 40 lbs with keyboard storage space - Pewter 27021	466
43042	Samsung Galaxy Note 3 Neo Duos Case Stand with Quick Camera Access Various Colors + NEXTDIA Velcro Cable Tie	466
23271	Univ. Monitor Stand	466
45077	"RAM Mount 2"" x 2"" Rectangle Base w/1"" Ball"	466
43042	Meizu MX3 Case Stand with Quick Camera Access Various Colors + NEXTDIA Velcro Cable Tie	466
29299	PCI-X Riser	466
18614	DoubleSight Single Monitor Flex Arm, Pole Style, 6-20 lbs capacity per Monitor DS-20PH	466
10736	Planar Systems 997-6035-00 Triple Monitor Stand	466
22012	Ergotron WorkFit Multi Component Mount for Notebook 97-617	466
18614	DoubleSight Displays DS-30PH Single Monitor Flex Arm, Pole	466
2629	MoldingsOnline 3371542420 Riser, 42 x 7.5 x 0.25-Inch	466
26391	UBR7200 MC 2 DS W/UPX 8 US ATDMA ADV PHY CPU UBR-MC28U=	466
18614	DoubleSight Dual Monitor Flex Stand, Up to 30-Inch Monitors DS-230STA	466
29299	Designer Suites Monitor Riser by Fellowes	466
42835	HP Display Stand A1X79AT	466
31475	DYMO 82412 / Large Mesh Monitor Stand	466
16420	Quad Monitor Desktop Stand	466
42503	3M Easy Adjust Desk Mount Dual Monitor Arm, Space Saving Design, For Monitors, Black	466
34062	Ergotron Dual Monitor & Handle Kit - mounting kit	466
29299	Logitech Notebook Riser N110	466
29299	Fellowes Black And Silver Monitor Riser	466
22147	Bracketron NanoTek Stand - Vertical, Horizontal - Aluminum - 1 Each - Black	466
22675	Fellowes Adjustable Dual Monitor Arm 8041701	466
14072	Planar Dual Arm Desk Stand	466
2820	Kensington K60089 Monitor Stand Plus with SmartFit System	466
2629	MoldingsOnline 3385336424 Riser, 36 x 7.5 x 0.25-Inch	466
43042	Lenovo A830 Case Stand with Quick Camera Access Various Colors + NEXTDIA Velcro Cable Tie	466
2820	P2214h P2414h U2414h Monitor Stand	466
29299	Fellowes Office Suites Premium Monitor Riser, Black 8031001	466
43042	LDR 310 P-112 Plug, Black, 1-1/2-Inch	466
29299	Fellowes - Depth Adjustable Monitor Arm	466
20313	SIIG CE-MT1812-S1 13-24 Inches Triple Monitor Desk Stand	466
43042	Samsung GALAXY Note 3 Neo 3G SM-N750 Case Stand with Quick Camera Access Various Colors + NEXTDIA Velcro Cable Tie	466
29299	Designer Backgammon	466
43042	Amoi A955T Case Stand with Quick Camera Access Various Colors + NEXTDIA Velcro Cable Tie	466
22675	Fellowes Adjustable Dual Monitor Arm 8041701	466
22246	Supervisory Circuits 2.63V Monitor 50 pieces	466
2820	Kensington - SmartFit Monitor Stand	466
14912	Lenovo 55Y9258 Easy Reach Monitor	466
43042	Spice Mi-515 Coolpad Case Stand with Quick Camera Access Various Colors + NEXTDIA Velcro Cable Tie	466
4399	Toshiba 57lx177 Tabletop Base Pedestal Stand - Toshiba 57lx177 Stand	466
2820	Elo E245090 Monitor Stand	466
20313	SIIG CE-MT1712-S1 / Dual Monitor Desk Stand	466
42503	MAC LOCKS Mounting Arm for iPad Metal - Black / 159B213EXENBOHB /	466
29299	Fellowes 91691 Heavy Duty Monitor Arm	466
42503	Rosewill 13-27 Inches LCD LED Computer Monitor Mounting Kit with VESA 75 x 75 mm and 100 x 100 mm Mounting Patterns (RMS-MF2720)	466
6990	Atdec Genuine Focus Notebook and Monitor Arm	466
42383	Compaq Presario 2879 Monitor Stand	466
6990	"Atdec Spacedec Acrobat Articulated Arm f/12 - 24"" LCD Screens, Silver Q91035 Category: LCD Monitor Mounts"	466
22012	Ergotron WorkFit Mounting Arm for Flat Panel Display, Notebook, Keyboard 24-273-026 -	466
18614	DoubleSight Single Monitor Flex Arm, Pole Style, 6-20 lbs capacity per Monitor DS-20PH	466
43042	Blu Studio 5.3 II D550 Case Stand with Quick Camera Access Various Colors + NEXTDIA Velcro Cable Tie	466
18614	DoubleSight Triple Monitor Flex Stand, Up to 22-Inch Monitors DS-322STA	466
43042	Amoi A928W Case Stand with Quick Camera Access Various Colors + NEXTDIA Velcro Cable Tie	466
20313	Triple Monitor Stand	466
42383	Dell MSA14 Single Arm Monitor Stand MH1HV	466
29299	Metallic Gold Designer Rakhi	466
2820	KITKMW60087KMW67700 - Value Kit - Kensington Partition Cable Anchor KMW67700 and Kensington Monitor Stand with SmartFit System KMW60087	466
29299	Monitor Riser	466
2629	MoldingsOnline 3376136424 Riser, 36 x 7.5 x 0.25-Inch	466
43042	Prestigio MultiPhone 5500 Duo Case Stand with Quick Camera Access Various Colors + NEXTDIA Velcro Cable Tie	466
18614	DoubleSight Single Monitor Flex Arm, Pole Style, 6-20 lbs capacity per Monitor DS-20PH	466
11415	Kantek LCD Monitor Stand with Two Drawers, 18 x 12 1/2 x 5 Inches, Black MS200B	466
43042	Micromax A113 Canvas Ego Case Stand with Quick Camera Access Various Colors + NEXTDIA Velcro Cable Tie	466
28465	Office Suites Monitor Riser, 20 x 14 1/16 x 4 - 6 1/2, Black/Silver - FEL8031101	466
36200	"Halter Dual LCD Monitor Stand desk clamp holds up to 27"" lcd monitors"	466
43042	Yota YotaPhone 2 Case Stand with Quick Camera Access Various Colors + NEXTDIA Velcro Cable Tie	466
21410	Smart Suites Corner Monitor Riser, 3 7/8 to 5 1/8 x 18 1/2 x 12 1/2, Black	466
2629	MoldingsOnline 3386136425 Riser, 36 x 7.5 x 0.75-Inch	466
15119	NEW - Basic LCD Monitor Stand, 15 x 11 x 3, Light Gray/Charcoal - 55000	466
2629	PCA Riser, 2PCI-E x8 FH	466
30187	Amer Networks AMR6S HEX MONITOR STAND SUPPORT 75MM OR 100MM VESA	466
18614	DoubleSight Dual Monitor Flex Stand, Up to 24-Inch Monitors DS-224STA 	466
15042	KENSINGTON LCD deskmount monitor arm for LCD alt 60056 (black)	466
4575	Amer Networks AMR2C DUAL MONITOR STAND WITH DESK CLAMP	466
22246	ALLSOP 30336 Metal Art Monitor Stand	466
43042	Gigabyte Gsmart Simba SX1 Case Stand with Quick Camera Access Various Colors + NEXTDIA Velcro Cable Tie	466
43042	Micromax A106 Unite 2 Case Stand with Quick Camera Access Various Colors + NEXTDIA Velcro Cable Tie	466
32754	QUAD DESK STAND 2 OVER 2 WITH HEAVY	466
15119	500ea - 5-7/8 X 2-3/8 X 7-7/8 Random Stripe Kraft Eurotote	466
38872	Planar Monitor Stand 997-5602-00	466
43042	Lenovo S880 Case Stand with Quick Camera Access Various Colors + NEXTDIA Velcro Cable Tie	466
29205	Kanomax IQMPM TSP Particulate Monitor for IQM60 Indoor Air Quality Monitor	466
43042	Micromax A101 Case Stand with Quick Camera Access Various Colors + NEXTDIA Velcro Cable Tie	466
42383	Genuine Dell UH837 Ultra Sharp Flat Panel Monitor AS501 Speaker AC-Adapter NOT Included For Dell Monitors: 1703FP, 1704FP, 1706FP, 1707FP, 1707FPV, 1708FP, 1801FP, 1901FP, 1905FP, 1907FP, 1907FPV, 1908FP, SP1908FP, 2001FP, 2005FP, 2005FPW, 2007FP, 2007WFP 2405FP, 2405FPW, 2407WFP, and 3007WFP, Compatible Part Numbers: XH839, 313-3437, X9450, UH852	466
43042	Maxx MSD7 3G-AX51 Case Stand with Quick Camera Access Various Colors + NEXTDIA Velcro Cable Tie	466
43624	"Falcon Anti-Static Monitor Wipes, 6""X6-1/2"", 80 Wipes * Falcon Anti-Static Monitor Wipes, 6""X6-1/2"", 80 Wipesdust-Off Antistatic Monitor Wipes Are Designed For Cleaning Most Computer Screens, Laptop"	466
18614	DoubleSight Single Monitor Flex Stand Up to 30-Inch Monitor DS-130STA 	466
2629	MoldingsOnline 3244842421 Riser, 42 x 7.5 x 0.75-Inch	466
22246	Allsop Metal Art Jr. Monitor Stand, holds 40 lbs with keyboard storage space - Pewter 27021	466
43042	Panasonic P51 Case Stand with Quick Camera Access Various Colors + NEXTDIA Velcro Cable Tie	466
27397	24'''' Dual Monitor Stand 24'''' Dual Monitor Stand	466
18614	DoubleSight Single Monitor Flex Stand, Up to 30-Inch Monitors DS-130STA	466
18614	DoubleSight Single Monitor Flex Stand, Up to 30-Inch Monitors DS-130STA	466
11415	Lcd Monitor Stand With 2 Drawers 18 X 12 1/2 X 5 Black	466
30187	Fellowes 91712 Standard Monitor Riser - Up to 60.00 lb - Up to 21 Monitor - Platinum - Desk Mountable - NEW - Retail - 91712	466
22246	Allsop Monitor Stand Metal Art - Black 30336 Color: Black	466
2629	MoldingsOnline 3376148423 Riser, 48 x 7.5 x 0.75-Inch	466
2629	MoldingsOnline 3504736425 Riser, 36 x 7.5 x 0.75-Inch	466
43042	Lenovo S820 Case Stand with Quick Camera Access Various Colors + NEXTDIA Velcro Cable Tie	466
43042	Lenovo S890 Case Stand with Quick Camera Access Various Colors + NEXTDIA Velcro Cable Tie	466
29299	Premium Monitor Riser	466
43042	BBK Vivo X3s Case Stand with Quick Camera Access Various Colors + NEXTDIA Velcro Cable Tie	466
11417	"Fellowes 8034801 Designer Suites Laptop Arm, 9 1/4"" x 13"" x 28"", Black"	466
22246	ALLSOP 25914 Metal Art Plus Monitor Stand	466
29299	Sharp FFS-BA027WRKZ Fuse and Monitor Switch	466
43042	Spice Mi-510 Stellar Prime Case Stand with Quick Camera Access Various Colors + NEXTDIA Velcro Cable Tie	466
42503	"Ergotron, Workfit-A Dual With Worksurface+ Stand ( Tray, Desk Clamp Mount, Pivot ) For 2 Lcd Displays / Keyboard / Mouse Black, Polished Aluminum Screen Size: Up To 22"" Mounting Interface: 100 X 100 Mm, 75 X 75 Mm ""Product Category: Supplies & Accessories/Tv & Flat Panel Mounts"""	466
27397	MDS14 Dual Monitor Stand	466
20313	Mount-It! New 24-inch Dual Freestanding Widescreen Monitor Stand	466
2629	MoldingsOnline 3371536424 Riser, 36 x 7.5 x 0.25-Inch	466
30187	"Fellowes Standard Monitor Riser - Up to 60lb - Up to 17"" Monitor - Platinum, Graphite - Desk-mountable"	466
18614	"Organizer Monitor Stand, Holds Up to 50 Pounds, 11""x14-5/8""x4-3/8"", Platinum RUB65668"	466
43042	Prestigio MultiPhone 7500 Case Stand with Quick Camera Access Various Colors + NEXTDIA Velcro Cable Tie	466
43042	Micromax A110Q Canvas 2 Plus Case Stand with Quick Camera Access Various Colors + NEXTDIA Velcro Cable Tie	466
43042	Samsung GALAXY Note 3 Neo 3G SM-N750 Case Stand with Quick Camera Access Various Colors + NEXTDIA Velcro Cable Tie	466
15042	"Mount-It! Dual Computer Monitor Desk Mount With Clamp for monitors up to 27"""	466
43042	Faea F2 Case Stand with Quick Camera Access Various Colors + NEXTDIA Velcro Cable Tie	466
22012	Ergotron StyleView Multi Component Mount for CPU, Flat Panel Display, Mouse, Keyboard 45-272-026	466
43042	Platinet Omega Mercury S50 Case Stand with Quick Camera Access Various Colors + NEXTDIA Velcro Cable Tie	466
42503	Wireless Household Energy Use Monitor w/ LCD Display	466
43042	Maxwest Orbit 5400T Case Stand with Quick Camera Access Various Colors + NEXTDIA Velcro Cable Tie	466
18614	DoubleSight Dual Monitor Flex Stand, Up to 24-Inch Monitors DS-224STA	466
43100	XFX FXTRISTAND Triple Display Monitor Stand	466
38872	Planar Dual Monitor Stand, Black 997-5253-00	466
18614	DoubleSight Dual Monitor Flex Stand, Up to 30-Inch Monitors DS-230STA	466
32754	Aluminum Keyboard Arm For LCD Monitor Pole	466
29299	Fellowes Premium CPU Stand 8w x 9d x 9-1/2h Platinum by Fellowes	466
2820	Kensington - 60106 - flat panel deskmount arm black	466
22012	Neo-Flex LCD Arm	466
43042	Gigabyte Gsmart Simba SX1 Case Stand with Quick Camera Access Various Colors + NEXTDIA Velcro Cable Tie	466
29299	Fujitsu PA03484-Y015 PIC SE ARM FI-5120C FI-5220C	466
2629	MoldingsOnline 2000048423 Riser, 48 x 7.5 x 0.75-Inch	466
26391	Kantek - LCD Monitor Stand with 2 Drawers, 18 x 12 1/2 x 5 - Black	466
29299	Maretron TLM150 Tank Level Monitor	466
2820	MONITOR STAND PLUS - SMARTFIT	466
29299	FELLOWES designer suites laptop riser 8038401	466
43042	iGlo A909 Case Stand with Quick Camera Access Various Colors + NEXTDIA Velcro Cable Tie	466
30187	NEW Spin2 Monitor Stand w/SmartFit Monitors	466
2820	Kensington - Prem Monitor Stand w/Smart Fit	466
13314	Fellowes Smart Suites Corner Monitor Riser, Black 8020101	466
43042	Samsung Galaxy Note 3 Neo Case Stand with Quick Camera Access Various Colors + NEXTDIA Velcro Cable Tie	466
18614	DoubleSight Dual Monitor Flex Stand, Up to 19-Inch Monitors DS-219STA	466
5831	Prestige International Monitor Arm (BMA42S2DW)	466
43042	Maxx MSD7 3G-AX51 Case Stand with Quick Camera Access Various Colors + NEXTDIA Velcro Cable Tie	466
34259	Single Monitor Arm	466
35964	IdeaUp Wooden computer LCD Monitors Base Stand Yellow	466
23558	OFC Express Monitor Stand 20.5 x 11 x 4.25, Espresso	466
19709	The Best CONNECT YOUR VGA MONITOR TO A MINI DISPLAYPORT EQUIPPED COMPUTER - MINI DISPLAYP	466
43042	Uniscope US828 TD-LTE Case Stand with Quick Camera Access Various Colors + NEXTDIA Velcro Cable Tie	466
29299	FEL8036601 - Monitor Riser	466
43042	Uniscope US828 TD-LTE Case Stand with Quick Camera Access Various Colors + NEXTDIA Velcro Cable Tie	466
32754	Ergotech Dual Vertical LCD Monitor Stand 100-D28-B11	466
22012	MX DESK MOUNT LCD ARM TO 30LBSEXTEND/RETRACT 16.7I	466
42503	Dell CRT Monitor Stand - notebook / LCD monitor stand 469-1488 -	466
29299	FEL-91457-X0 - Fellowes Adjustable Monitor Riser	466
29299	"Large Monitor Stand,Mesh,14-1/2""x4-3/5""x18-1/2"",Black/Silver Qty:4"	466
35230	Compucessory Stackable Monitor Riser 25303	466
22246	Allsop 27021 Metal Art Jr. Monitor Stand	466
42383	Compaq Presario 2880CL Monitor Stand	466
4575	"12"""""""" L Mounting Brackets Black"	466
42383	Genuine DELL ADP-13CB NC490 5.4V 2410mA AC ADAPTER	466
27397	Lift Stand Neo Flex Dual LCD	466
29299	Fellowes Depth Adjustable Monitor Arm 8041601	466
29299	Fellowes Office Suites Standard Monitor Riser Plus 8036601	466
42503	Wall Trax 2 System with Manual Adjustment Monitor and Keyboard Arms Silver	466
15042	CR-LA1301BK Sanwa horizontal vertical articulated LCD monitor arm (black)	466
27397	Dual Monitor Stand Dual Monitor Stand	466
22012	ERGOTRON 400 series wall mount lcd arm (grey) 45-007-099	466
43042	BBK Vivo X3s Case Stand with Quick Camera Access Various Colors + NEXTDIA Velcro Cable Tie	466
17101	DoubleSight Displays - Single Monitor Flex Arm, Swing	466
26391	Rolling/Adjustable CPU Stand	466
43042	Oppo R1S Case Stand with Quick Camera Access Various Colors + NEXTDIA Velcro Cable Tie	466
42835	HP Single Monitor Arm	466
22675	Fellowes Adjustable Dual Monitor Arm 8041701	466
32754	Ergotech Dual Horizontal LCD Monitor Arm Desk Stand (100-D16-B02)	466
18614	Clearone 911-300-001 TITAN SINGLE MONITOR CART, FITS UP TO 36 INCH MONITOR	466
43042	Kazam Trooper X5.0 Case Stand with Quick Camera Access Various Colors + NEXTDIA Velcro Cable Tie	466
43042	Lenovo S650 Case Stand with Quick Camera Access Various Colors + NEXTDIA Velcro Cable Tie	466
29299	Standard Monitor Riser	466
43042	Frankford Arsenal Platinum Series Reloading Stand	466
38872	Planar Monitor Stand 997-6504-00	466
43042	Eklasse XM590 Case Stand with Quick Camera Access Various Colors + NEXTDIA Velcro Cable Tie	466
37125	Humanscale MF21W0C24-IND MFLEX M2, FOR 1 MONITOR, CLAMP MOUNT	466
29299	Fellowes Office Suites Monitor Riser 8031101	466
18614	DoubleSight Single Monitor Flex Stand, Up to 30-Inch Monitors DS-130STA	466
15042	Innovative 7000-8408 Dual Mount LCD Monitor Arm	466
43042	Micromax Viva A72 Case Stand with Quick Camera Access Various Colors + NEXTDIA Velcro Cable Tie	466
43042	Maxx MSD7 3G-AX51 Case Stand with Quick Camera Access Various Colors + NEXTDIA Velcro Cable Tie	466
42835	HP Integrated Work Center Stand for Ultra Slim Desktop and Thin Client	466
38872	Planar Monitor Stand 997-6504-00	466
27397	Dual Monitor Stand	466
2629	CAT5e, Riser, 1,000' Reelex-Box, Gray	466
43042	Micromax A113 Canvas Ego Case Stand with Quick Camera Access Various Colors + NEXTDIA Velcro Cable Tie	466
43042	SecureBack w/Lock Stand	466
28465	Premium CPU Stand, 8w x 9d x 9-1/2h, Platinum	466
2629	MoldingsOnline 2023548426 Riser, 48 x 7.5 x 0.75-Inch	466
30187	"Kensington Monitor Stand Plus with SmartFit System - Stand for monitor - screen size: up to 21"" *"	466
13314	Fellowes Smart Suites Corner Monitor Riser, Black 8020101	466
22012	Alloy 6 DOF Robot Arm Clamp & Claw & Swivel Stand Mount Kit for Arduino	466
12542	Easy Adjust Notebook Riser, 15 3/4 x 15 3/4 x 5, Black	466
37303	Kantek Mobile CPU Stand, 4-1/2w x 16d x 7h, Black (KTKCS200B)	466
2820	KENSINGTON COMPUTER PREMIUM MONITOR STAND SMARTFIT	466
43042	Micromax A101 Case Stand with Quick Camera Access Various Colors + NEXTDIA Velcro Cable Tie	466
29299	Fellowes Designer Suites Laptop Arm 80348	466
43042	Vu Ryte VUR 2455	466
25707	Kensington Spin2 Monitor Stand, 14 x 14 x 3 1/4, Black	466
43042	Xiaomi Mi3 Case Stand with Quick Camera Access Various Colors + NEXTDIA Velcro Cable Tie	466
2820	Kensington K60087 Monitor Stand Small with SmartFit System	466
30357	3M MALTABLET MONITOR ARM TABLET SUP FOR MA260MB/MA240MB	466
2820	Flat Panel Monitor Stand Black	466
2629	MoldingsOnline 3385748423 Riser, 48 x 7.5 x 0.75-Inch	466
43042	Jiake N7100 Case Stand with Quick Camera Access Various Colors + NEXTDIA Velcro Cable Tie	466
18614	Doublesight DS-224STA Monitor Stand	466
22012	Ergotron Silver Neo-Flex LCD Arm	466
29299	Fellowes Designer Suites Monitor Arm 8038201	466
42503	Dell Professional P2314H 23-inch Widescreen Flat Panel Monitor with LED w/Built-In USB 2.0 HUB & Height Adjustable Stand, Tilt & Swivel, Stand.	466
43042	Lava Iris 502 Case Stand with Quick Camera Access Various Colors + NEXTDIA Velcro Cable Tie	466
26391	KTKMS480 - Kantek MS480 Monitor Stand	466
43042	JiaYu S1 Case Stand with Quick Camera Access Various Colors + NEXTDIA Velcro Cable Tie	466
22012	Ergotron Mounting Arm for Keyboard, Mouse 45-354-026	466
37303	Deluxe Mobile CPU Stand, 12w x 12d x 18h, Black	466
43042	DBI/Sala Nano-Lok Edge, 3500228 SRL, 9-Ft Double-Leg, Leading and Sharp Edge, Wrap Bax Hook, Quick Connector for Harness Mount	466
29299	Fellowes Standard Monitor Riser 91712	466
38872	Planar Dual Monitor Stand, Black 997-5253-00	466
43042	Karbonn S5 Titanium Case Stand with Quick Camera Access Various Colors + NEXTDIA Velcro Cable Tie	466
15557	KITASP27021BLKA3L79103S - Value Kit - Belkin CAT5e Snagless Patch Cable BLKA3L79103S and Allsop Metal Art Jr. Monitor Stand ASP27021 	466
34062	Kingwin HDM-227 Internal Dual 2.5 HDD/SSD to 3.5 Metal Mounting Kit	466
29299	Designer Rakhi	466
13314	Fellowes Smart Suites Corner Monitor Riser, Black 8020101	466
27397	DELL #469-3993 MDS14 Dual Monitor Stand Dell MDS14 Dual Monitor Stand	466
37125	Humanscale MF22SBBSN-IND MFLEX M2 MONITOR ARM	466
42835	Manfrotto 032B Single Autopole For Vertical and Horizontal Use Extends from 82.7-Inches to 145.7-Inches (Black)	466
22012	MX Desk Mount LCD Arm	466
43042	Micromax A117 Canvas Magnus Case Stand with Quick Camera Access Various Colors + NEXTDIA Velcro Cable Tie	466
29299	Mead-Hatcher by Master Stackable Steel Monitor Riser	466
43042	Lenovo S890 Case Stand with Quick Camera Access Various Colors + NEXTDIA Velcro Cable Tie	466
29299	Telaire 7001D Standard CO2/Temperature Monitor, RH & Datalogger	466
29299	"Allstar ALL10740 Red Aluminum Smart Level Tray for 7/8"" and 1"" Tubing"	466
12805	Premier Mounts Dual Multi Monitor Arm	466
29299	Fellowes Genuine Black And Silver Monitor Riser	466
22012	Ergotron - Notebook arm mount tray 50-193-200 *	466
20313	Vertical Triple Monitor Stand	466
43042	THL W200 Case Stand with Quick Camera Access Various Colors + NEXTDIA Velcro Cable Tie	466
43042	Koobee Muse M2 TD-LTE Case Stand with Quick Camera Access Various Colors + NEXTDIA Velcro Cable Tie	466
29299	Fellowes Office Suites Monitor Riser, Supports 21in Monitors up to 80	466
38916	Master Appliance 91-07U EJECTOR MASTER APPLIANCE	466
43042	Oppo Ulike 2 Case Stand with Quick Camera Access Various Colors + NEXTDIA Velcro Cable Tie	466
2629	MoldingsOnline 3371536425 Riser, 36 x 7.5 x 0.75-Inch	466
43042	Eklasse XM590 Case Stand with Quick Camera Access Various Colors + NEXTDIA Velcro Cable Tie	466
2820	Kensington KeyFolio™ Pro 2 Keyboard, Case and Stand	466
43042	InFocus M320u Case Stand with Quick Camera Access Various Colors + NEXTDIA Velcro Cable Tie	466
42503	Dell CRT Monitor Stand - notebook / LCD monitor stand 469-1488 -	466
17101	1 - Single Monitor Flex Arm Delux	466
43042	Xolo Q1000S Case Stand with Quick Camera Access Various Colors + NEXTDIA Velcro Cable Tie	466
15150	** Econo Mobile CPU Stand, 8-3/4w x 10d x 5h, Light Gray **	466
43042	Yezz Andy AC5QP Single SIM Case Stand with Quick Camera Access Various Colors + NEXTDIA Velcro Cable Tie	466
7528	Cover Case with Swivel Rotary Stand + Bluetooth Wireless Keyboard for iPad 4/3/2	466
43042	Gigabyte GSmart Sierra S1 Case Stand with Quick Camera Access Various Colors + NEXTDIA Velcro Cable Tie	466
43042	Vivo X3S Case Stand with Quick Camera Access Various Colors + NEXTDIA Velcro Cable Tie	466
29299	Fellowes Office Suites Premium Monitor Riser, Black 8031001	466
30187	Kantek Monitor Stand With Keyboard Storage , Dark Gray	466
15150	-- Econo Mobile CPU Stand, 8-3/4w x 10d x 5h, Light Gray	466
11415	Redmond Monitor Stand 14 5/8 x 11 x 4 1/4 Black/Gray/Silver	466
43042	Alcatel Idol X+ Case Stand with Quick Camera Access Various Colors + NEXTDIA Velcro Cable Tie	466
43042	Laptop Stand With Headphones	466
29299	Linxcel 2-Port SVGA VGA ELECTRONIC Monitor Switch	466
17101	DoubleSight Displays, Single Monitor Flex Arm Swing Catalog Category: Mounts & Brackets / TV/Monitor Mounts 	466
43042	BBK Vivo X3s Case Stand with Quick Camera Access Various Colors + NEXTDIA Velcro Cable Tie	466
43042	Lenovo S820 Case Stand with Quick Camera Access Various Colors + NEXTDIA Velcro Cable Tie	466
19709	Compaq Essential LE2002x 20 LED Monitor 16:9 5ms 1000:1 1600x900 DVI/VGA Black - NEW - Retail - LL763AA#ABA	466
22246	ALS29248 - Allsop MONITOR STAND	466
43042	Lenovo S650 Case Stand with Quick Camera Access Various Colors + NEXTDIA Velcro Cable Tie	466
29299	"ASUS VESA 100mm x 100mm HI-Grade Adjustable Height/Tilt/Swivel/Pivot 14~25"" Monitor Stand"	466
29299	Fellowes Designer Suites Monitor Arm 8038201	466
43042	Xiaomi MI 3 Case Stand with Quick Camera Access Various Colors + NEXTDIA Velcro Cable Tie	466
37125	Humanscale M/Flex Monitor Arm M2	466
43042	Xolo Q1000 Case Stand with Quick Camera Access Various Colors + NEXTDIA Velcro Cable Tie	466
43042	Panasonic P51 Case Stand with Quick Camera Access Various Colors + NEXTDIA Velcro Cable Tie	466
29299	Monitor Riser	466
4575	Chief KTG220S-Dual Horizontal Grommet Mount	466
32581	Prem Monitor Stand w/Smart Fit	466
22246	Allsop Metal Art Jr monitor stand - Pearl Black	466
18614	DoubleSight Dual Monitor Flex Stand, Up to 19-Inch Monitors DS-219STA	466
27397	Doublesight displays - ds-219stb - dual monitor flex stand up to19in mntr preassemble	466
32754	HandStands Monitor & Laptop Stand - Black by HandStands	466
15183	"Hewlett-Packard - Hp Monitor Stand - Up To 17"" Screen Support - Touchscreen Display Type Supported14.8"" Width X 13.2"" Depth - Desktop ""Product Category: Accessories/Stands & Cabinets"""	466
42383	Genuine Dell 2007FPB LCD Monitor Stand 3C.L2H05.011G	466
2629	MoldingsOnline 3379642421 Riser, 42 x 7.5 x 0.75-Inch	466
43042	Lenovo S850 Case Stand with Quick Camera Access Various Colors + NEXTDIA Velcro Cable Tie	466
43042	i-mobile IQ X Ken Case Stand with Quick Camera Access Various Colors + NEXTDIA Velcro Cable Tie	466
29299	3M Office M170 17IN MONITOR / FPD 11-91371-117 	466
29299	Monitor Riser	466
20313	SIIG CE-MT0R12-S1 13-27 Inches Articulating Triple Monitor Desk Mount	466
43042	Lenovo K860 Case Stand with Quick Camera Access Various Colors + NEXTDIA Velcro Cable Tie	466
4575	Chief KTG440S-Quad Monitor Grommet Mount	466
22246	Allsop Metal Art Jr. Monitor Stand, holds 40 lbs with keyboard storage space - Pewter 27021	466
26391	CRT/LCD Stand with Keyboard Storage, 23 x 13 1/4 x 3, Gray - KTKMS280	466
22012	OWC Data Doubler Optical Bay Hard Drive/SSD Mounting Solution for select Apple Laptop Models	466
2629	MoldingsOnline 3385236424 Riser, 36 x 7.5 x 0.25-Inch	466
43042	Bakker Elkhuizen Notebook Stand	466
22246	Allsop Metal Art Jr monitor stand - Pearl Black	466
43042	Gionee M2 Case Stand with Quick Camera Access Various Colors + NEXTDIA Velcro Cable Tie	466
43042	Oppo R1S Case Stand with Quick Camera Access Various Colors + NEXTDIA Velcro Cable Tie	466
20313	SIIG CE-MT0R12-S1 13-27 Inches Articulating Triple Monitor Desk Mount	466
2629	MoldingsOnline 3371148423 Riser, 48 x 7.5 x 0.75-Inch	466
2629	MoldingsOnline 3379742421 Riser, 42 x 7.5 x 0.75-Inch	466
36553	"Data Accessories Adjustable Monitor Arm Steel f/27"",3-1/2""x16-1/4""x16"",SR 02190"	466
39921	P3 Kill A Watt Edge Energy Monitor	466
43042	Xolo Q1000S Case Stand with Quick Camera Access Various Colors + NEXTDIA Velcro Cable Tie	466
15959	Martin Yale PC Bridge for Monitor Stand	466
43042	Huawei G610s Case Stand with Quick Camera Access Various Colors + NEXTDIA Velcro Cable Tie	466
43042	Gigabyte Gsmart Alto A2 Case Stand with Quick Camera Access Various Colors + NEXTDIA Velcro Cable Tie	466
43042	Micromax A113 Canvas Ego Case Stand with Quick Camera Access Various Colors + NEXTDIA Velcro Cable Tie	466
9814	Quality Flat Panel Monitor Arm By Fellowes	466
32754	Q CONNECT LAPTOP AND LCD MONITOR STAND	466
1034	ESI 01 Series Monitor Arm	466
43042	"NIB 4/PACK EMPIRE LEVEL MFG CORP 418-48 PRO DRYWALL T-SQUARE 48"" AUTH DEALER"	466
29299	Fellowes 8031001 Premium Monitor Riser	466
42503	"Planar 997-6035-00 TRIPLE MONITOR STAND 75MM OR 100MM VESA Up to 58 lb - Up to 24"" LCD Monitor"	466
32644	Adjustable Dual Monitor Stand	466
2629	MoldingsOnline 2000948426 Riser, 48 x 7.5 x 0.75-Inch	466
22246	ALLSOP 30336 Metal Art Monitor Stand	466
29299	"Fellowes® Standard Monitor Riser RISER,MONITOR PM,2""-4"" DPC1235B Pack of5"	466
43042	THL W11 Monkey King Case Stand with Quick Camera Access Various Colors + NEXTDIA Velcro Cable Tie	466
34062	Vantec HDA-259A Dual 2.5inch to 3.5inch Hard Drive Mounting Kit	466
2629	MoldingsOnline 3376942420 Riser, 42 x 7.5 x 0.25-Inch	466
11416	Voi O-Leg Support for Worksurface, 30d x 28-1/2h, Platinum Metallic - HONVSL30LT	466
2629	MoldingsOnline 2104948423 Riser, 48 x 7.5 x 0.75-Inch	466
14912	Lenovo PC and Monitor Stand II 41R4474	466
43042	Xolo Q1000 Case Stand with Quick Camera Access Various Colors + NEXTDIA Velcro Cable Tie	466
42835	HP AW661UT#ABA Dual Hinge Notebook Stand - NEW - Retail - AW661UT#ABA	466
2820	KENSINGTON COMPUTER FOLIO CASE BLACK FOR IPAD2 W/ STAND	466
4399	TRAM - 406-512MHZ MOB BASE ANT	466
22012	Black 22 To 40 Pivoting Arm LCD Wall Mount	466
7528	XKTtsueercrr TM Cover Case with Swivel Rotary Stand + Bluetooth Wireless Keyboard for iPad 4/3/2 Rose	466
20313	Dual Monitor Desk Mount	466
30357	3M Rolling/Adjustable CPU Stand	466
29299	Convenience Concepts 121041 Casual Monitor Riser, Small	466
18614	DoubleSight Triple Monitor Flex Stand, Up to 22-Inch Monitors DS-322STA	466
20313	SIIG CE-MT0R12-S1 13-27 Inches Articulating Triple Monitor Desk Mount	466
12805	Dual Monitor Arm	466
43042	Spice Mi-502 Smartflo Pace2 Case Stand with Quick Camera Access Various Colors + NEXTDIA Velcro Cable Tie	466
30357	3m Easy-Adjust Monitor Arm Tablet Support, 4 1/2 x 1 1/4, Black MMMMATABLET	466
2629	MoldingsOnline 3385342421 Riser, 42 x 7.5 x 0.75-Inch	466
27397	DUAL MONITOR FLEX STAND UP TO19IN MNTR PREASSEMBLE	466
4575	Wireless Energy Electricity/Carbon Cost Monitor w/ Clamp Sensor	466
43042	Samsung GALAXY Note 3 Neo 3G SM-N750 Case Stand with Quick Camera Access Various Colors + NEXTDIA Velcro Cable Tie	466
43042	Lenovo S860 Case Stand with Quick Camera Access Various Colors + NEXTDIA Velcro Cable Tie	466
22246	ALS29248 - Allsop MONITOR STAND	466
43042	Connect Q50 Parkour Case Stand with Quick Camera Access Various Colors + NEXTDIA Velcro Cable Tie	466
29299	Neo Black	466
22012	Neo-Flex LCD Arm	466
29299	"DSS ErgoKomfort Monitor Riser (AL-713019  22""W x 9""D)"	466
29299	"Xintex PTS Threaded Sender f/Pneumatic Liquid Level Monitor - 12"""	466
23081	AVF Group - Multiple Position Arm	466
16442	Fellowes Designer Suites Shelf (8038801)	466
2820	Kensington Premium Monitor View Clip, Adjustable Ergonomic Copyholder (K62066) by Kensington	466
2629	MoldingsOnline 2104836425 Riser, 36 x 7.5 x 0.75-Inch	466
37125	Humanscale MF21B2C18-IND MFLEX M2, FOR 1 MONITOR W/CLAMP MOUNT	466
25707	Kensington 60049 Spin2 Monitor Stand, 14 x 14 x 3 1/4, Black KMW60049	466
29299	Fellowes Designer Suites Monitor Arm 8038201	466
30357	3M ADJUST MONITOR SUPPORT STAND BLK/SIL	466
43042	Lenovo A859 Case Stand with Quick Camera Access Various Colors + NEXTDIA Velcro Cable Tie	466
42835	HP Adjustable Dual Monitor Stand - AW664AA#ABA	466
25707	Kensington 60049 Spin2 Monitor Stand, 14 x 14 x 3 1/4, Black KMW60049	466
29299	Fellowes Standard Monitor Riser	466
29299	Designer Suites Monitor Riser by Fellowes	466
22246	Monitor Stand, Pewter, Steel	466
15150	6 Pack Econo Mobile CPU Stand, 8-3/4w x 10d x 5h, Light Gray by INNOVERA Catalog Category: Computer/Supplies & Data Storage / Computer	466
43042	Techno Phantom A F7 Case Stand with Quick Camera Access Various Colors + NEXTDIA Velcro Cable Tie	466
43042	Oppo R1 R829T Case Stand with Quick Camera Access Various Colors + NEXTDIA Velcro Cable Tie	466
2820	Flat Panel Monitor Arm	466
42835	HP Integrated Work Center Stand monitor/desktop stand	466
43042	Alcatel Idol X+ Case Stand with Quick Camera Access Various Colors + NEXTDIA Velcro Cable Tie	466
22012	HEWLETT-PACKARD E0H92AA#ABA / 7 ARM A9 1GB RAM 8GB eMMC	466
18614	Supervisory Circuits Quad VTG Monitor & Sequencer	466
38289	Tantus' NEO BLACK	466
2820	Kensington FLAT PANEL WALL-MOUNT ARM ( 60077 )	466
4575	Chief KMA320B Triple Horizontal Array Monitor Accessory Black	466
43042	Micromax Viva A72 Case Stand with Quick Camera Access Various Colors + NEXTDIA Velcro Cable Tie	466
43042	Faytech VESA-100 Stand	466
43042	Bliss S5 Case Stand with Quick Camera Access Various Colors + NEXTDIA Velcro Cable Tie	466
43042	Lenovo S820 Case Stand with Quick Camera Access Various Colors + NEXTDIA Velcro Cable Tie	466
22012	MX Desk Mount LCD Arm	466
26391	Rothco 13 Led Lantern with Stand, Black Rothco	466
26391	Deluxe CPU Stand Color: Platinum	466
19709	STARTECH.COM SCREWNUT4_40 / Replacement PC Mounting #4-40 Metal Jack Screw Standoff - 50 Pack	466
43042	Lava Iris 504Q Case Stand with Quick Camera Access Various Colors + NEXTDIA Velcro Cable Tie	466
4399	EIKO 1829-BP - 28V .07A T3-1/4 Mini Bay Base 81126	466
9814	Premium CPU Stand	466
43042	Celkon A107 Case Stand with Quick Camera Access Various Colors + NEXTDIA Velcro Cable Tie	466
2820	Kensington Column Mount Monitor Arm with SmartFit System, K60903US by Kensington	466
29299	Fellowes Depth Adjustable Monitor Arm 8041601	466
2629	MoldingsOnline 3386036425 Riser, 36 x 7.5 x 0.75-Inch	466
42503	LENOVO VERTICAL PC MONITOR STAND II / 41R4474 /	466
42835	HP Business - Adjustable Dual Monitor Stand	466
14912	Lenovo 55Y9258 Easy Reach Monitor	466
29299	SMK-Link PadDock Pivot Locking Tablet Arm VP3665 	466
10736	Planar Systems - Triple Monitor Stand	466
18614	DoubleSight Single Monitor Flex Arm, Deluxe Pole Style, 14-30 lbs capacity per Monitor DS-30PHS	466
43042	Micromax A111 Canvas Doodle Case Stand with Quick Camera Access Various Colors + NEXTDIA Velcro Cable Tie	466
29299	Salsbury 4370DBRZ In-Ground Deluxe Post for Designer Roadside	466
17430	Mobile CPU Stand Color: Platinum	466
43042	Blu Life One M Case Stand with Quick Camera Access Various Colors + NEXTDIA Velcro Cable Tie	466
43042	Pams Eyemask: Metallic Gold	466
2629	"Cal-Mil 166-7-60 Bamboo Rectangle Riser, 7""H"	466
20299	ALLSOP, INC. DeskTek Monitor Stand, 20 3/10 x 11 3/5 x 5 2/5, Gray 30645	466
25707	Kensington 60049 Spin2 Monitor Stand, 14 x 14 x 3 1/4, Black KMW60049	466
43042	Oppo Ulike 2 Case Stand with Quick Camera Access Various Colors + NEXTDIA Velcro Cable Tie	466
42835	HP Single Monitor Arm	466
29299	Fellowes Depth Adjustable Monitor Arm 8041601	466
2629	MoldingsOnline 3244848422 Riser, 48 x 7.5 x 0.25-Inch	466
11417	FELLOWES 8038401 Designer Suites Laptop Riser, 13 1/8 x 11 1/8 x 4, Black	466
29299	Fellowes Designer Suites Monitor Arm 8038201	466
43042	Lenovo S820 Case Stand with Quick Camera Access Various Colors + NEXTDIA Velcro Cable Tie	466
29299	DESIGNER SUITES MONITOR ARM	466
18614	DoubleSight Triple Monitor Flex Stand, Up to 22-Inch Monitors DS-322STA	466
30357	3M Dual-Swivel Monitor Arm MA140MB	466
8594	Officemate 2200 Series Monitor Stand with Drawer, Black 22502 PC, Personal Computer	466
42503	"Ergotech Triple LCD Monitor Desk Stand - 16"" pole - Black"	466
15713	Focus Notebook and Monitor Arm	466
4575	Chief Mfg. - K3F310B - Triple Array Table Stand	466
17101	DoubleSight Displays - Single Monitor Flex Stand	466
14837	"CARGOBUCKLE CargoBuckle Mini G3 Retractable Tie-Down w/ Dual S-Hooks 1"" x 72"" / F111640 /"	466
2629	MoldingsOnline 3373842420 Riser, 42 x 7.5 x 0.25-Inch	466
29299	121041 Casual Riser monitor, Pequeño	466
25707	Spin2 Monitor Stand 14 x 14 x 3 1/4 Black	466
29299	Fellowes 8031001 Premium Monitor Riser	466
43042	Eklasse XM590 Case Stand with Quick Camera Access Various Colors + NEXTDIA Velcro Cable Tie	466
18614	"24 dual monitor stand"""	466
32581	Prem Monitor Stand w/Smart Fit	466
2820	Kensington 60046 Flat Panel Monitor Stand Black	466
43042	Uniscope US828 TD-LTE Case Stand with Quick Camera Access Various Colors + NEXTDIA Velcro Cable Tie	466
22246	Allsop Redmond Monitor Stand	466
2629	MoldingsOnline 3376936425 Riser, 36 x 7.5 x 0.75-Inch	466
43042	Maxwest Orbit X50 Case Stand with Quick Camera Access Various Colors + NEXTDIA Velcro Cable Tie	466
18614	DoubleSight Single Monitor Flex Arm, Pole Style, 14-30 lbs capacity per Monitor DS-30PH	466
18614	DoubleSight Single Monitor Flex Stand, Up to 30-Inch Monitors DS-130STA	466
43042	ZTE Geek Case Stand with Quick Camera Access Various Colors + NEXTDIA Velcro Cable Tie	466
43042	ZTE Grand S Case Stand with Quick Camera Access Various Colors + NEXTDIA Velcro Cable Tie	466
29299	Fellowes Office Suites Standard Monitor Riser Plus 8036601	466
34872	Quad Monitor Stand Quad Monitor Stand	466
22012	WORKFIT CONVERT-TO-DUAL KIT FROM LCD & LAPTOP	466
11415	Easy-Adjust Dual Monitor Arm; 4 1/2 x 11 1/2, Black/Gray	466
43042	Blu Studio 5.3 II D550 Case Stand with Quick Camera Access Various Colors + NEXTDIA Velcro Cable Tie	466
15183	"Ergotech Dual Lcd Monitor Desk Stand . 28"" Pole . Black . Vertical . Dual ""Product Type: Accessories/Stands & Cabinets"""	466
19709	StarTech.com ARMDUAL Articulating Dual Monitor Arm with Cable Management and Height Adjust, Black	466
42503	Kensington® Comfort Desktop Keyboard/Mouse Drawer/Black/Gray KMW60006D Category: Monitor Risers	466
4575	Chief Manufacturing, Inc.	466
43042	Lenovo S860 Case Stand with Quick Camera Access Various Colors + NEXTDIA Velcro Cable Tie	466
12805	DSS Blade Monitor Arm Dual, Grommet (Blade Monitor Arm Dual Grommet White)	466
43042	Hercules GS402B Mini Stand	466
42503	Ergotron FX30 - Mounting Kit for Monitor - Black	466
41240	Crimson AV Flat Base Assembly for DSA Series Monitor Arms	466
43042	Micromax A106 Unite 2 Case Stand with Quick Camera Access Various Colors + NEXTDIA Velcro Cable Tie	466
15183	Monitor Riser for Most Monitor Up to 24in Monitors	466
43042	Vivo X3S Case Stand with Quick Camera Access Various Colors + NEXTDIA Velcro Cable Tie	466
38872	KIT, 24 DUAL MONITOR ARM, WITH PIVOTS, E-COAT BLACK	466
43042	iGlo A909 Case Stand with Quick Camera Access Various Colors + NEXTDIA Velcro Cable Tie	466
20299	Allsop DeskTek Monitor Stand, 20 3/10 x 11 3/5 x 5 2/5, Gray	466
43042	Huawei G610s Case Stand with Quick Camera Access Various Colors + NEXTDIA Velcro Cable Tie	466
43042	Yota YotaPhone 2 Case Stand with Quick Camera Access Various Colors + NEXTDIA Velcro Cable Tie	466
35350	Buddy Products Single Swing Arm Monitor Wall Mount, 14 x 8 x 5 Inches, Black (7437-4)	466
22246	Allsop Monitor Stand Metal Art - Black 30336 Color: Black	466
11416	Metal Art Monitor Stand, 18 1/2 x 12 1/4 x 5 1/4, Black	466
42835	VU Ryte 4855-Q24 ADJUSTABLE MONITOR STAND	466
43042	Allview X1 Soul Case Stand with Quick Camera Access Various Colors + NEXTDIA Velcro Cable Tie	466
42835	HP Integrated Work Center Monitor Stand	466
2820	KMW60087 - Kensington Monitor Stand with SmartFit System	466
15042	Professional Series Depth Adjustable Dual Monitor Arm	466
2820	Kensington 60903 - Column Mount Monitor Arm, 10 3/10 x 5 9/10 x 12, Black	466
18614	DoubleSight Dual Monitor Flex Stand, Up to 19-Inch Monitors DS-219STA	466
29299	Trickle Star 890EM-US-W Plug-in Energy Monitor	466
38872	Planar Monitor Stand (997-4390-00)	466
43042	Micromax A110Q Canvas 2 Plus Case Stand with Quick Camera Access Various Colors + NEXTDIA Velcro Cable Tie	466
43042	Micromax A114 Canvas 2.2 Case Stand with Quick Camera Access Various Colors + NEXTDIA Velcro Cable Tie	466
29299	Wise Arm Rests	466
37303	Mobile CPU Stand, 4-1/2w x 16d x 7h, Black	466
29299	KISSLER 46-0079 Delta Facet OEM Handle for Monitor Series	466
29299	Sampling Pump For M40 Multi-Gas Monitor	466
15713	Focus Notebook and Monitor Arm Focus Notebook and Monitor Arm	466
11416	- Desk-Mount Flat Panel Monitor Arm with Dual Extension -	466
2820	kensington k60106 flat panel desk mount monitor arm black	466
37125	Humanscale MF23WA0AC12N MFLEX M2 MONITOR ARM, 3 MONITOR SETUP	466
17430	Anthro Corporation Slotted Metal Shelf Installs Between The Base Legs To Store Your Cpu Ups Or Ot	466
29299	Fellowes Monitor Riser, 8031101	466
32754	Ergotech 1 x 3 Quad Desk Stand with 28-Inch Pole - Black 100-D28-B13	466
3373	Thick warm cushion household office supplies	466
22246	Allsop Metal Art Jr. Monitor Stand, holds 40 lbs with keyboard storage space - Pewter 27021	466
29299	Wise Arm Rests	466
17085	Compaq Monitor Stand Conversion Kit (316239-001 & 316238-001 Docks) Armada 1700 3500 Notebooks - New - 316246-B21	466
22246	ATDEC Spacedec Triple Monitor Stand, Black SD-FS-T	466
29299	Fellowes Office Suites Monitor Riser 8031101	466
34259	Sit-Stand Monitor Arm: Single Air-Assist Arm with White Accent including Laptop Stand	466
1034	Bp761n - Bt 7 Series Upper Arm Monitor	466
22012	Mounting Arm for Keyboard, Mouse	466
42503	Dell 1908FP UltraSharp Black 19-inch Flat Panel Monitor 1280X1024 with Height Adjustable Stand	466
30357	3M Single-Swivel Monitor Arm MA120MB	466
29299	"Kensington Spin Monitor Stand,W/ Supply Storage,14""X14""X3-1/2"",Black"	466
20313	Triple Monitor Stand	466
10845	NavePoint Penta LCD Monitor Desk Mount Stand Heavy Duty Adjustable 5 Screens upto 24-Inches Black	466
30357	3M Dual-Swivel Monitor Arm (MA140MB)- MMMMA140MB	466
29299	Fellowes 8031101 Monitor Riser	466
2629	MoldingsOnline 3386148422 Riser, 48 x 7.5 x 0.25-Inch	466
15042	Dynafly EGDF-302D Dual Adjustable Monitor Arm	466
19709	Intel Corp. 1u And 2u Cable Management Arm axx1u2ucma -	466
29299	Panasonic TY-42TM6Z - monitor terminal expansion board TY-42TM6Z	466
10845	"Dual LCD Monitor Stand Desk Clamp Holds up to 27"" LCD Monitors"	466
16420	Mustang MV-DMDS-H 17-23 Inches Dual Monitor Desktop Stand	466
4575	Chief KTP445B Widescreen Quad Monitor Table Stand - Black	466
43042	Spice Mi-510 Stellar Prime Case Stand with Quick Camera Access Various Colors + NEXTDIA Velcro Cable Tie	466
30187	Ergo 2C-SK21H2 Laptop Stand With Built-In Bluetooth Keyboard Via Ergoguys - NEW - Retail - 2C-SK21H2	466
29299	Mead-Hatcher Stackable Monitor Riser, Stackable, Gray MAT21202 	466
22012	Ergotron Neo-Flex Dual Monitor Wall Mount - mounting kit	466
13314	Fellowes Smart Suites Corner Monitor Riser, Black 8020101	466
42503	"Lenovo Group Limited - Lenovo Vertical Pc And Monitor Stand Ii - Up To 22"" Monitor ""Product Category: Accessories/Stands & Cabinets"""	466
29299	Fellowes 8031101 Monitor Riser	466
17101	Single Monitor Stand	466
43042	XTOUCH X509 Case Stand with Quick Camera Access Various Colors + NEXTDIA Velcro Cable Tie	466
22012	Ergotron LX Wall Mount Keyboard Arm 45-246-026	466
29299	Designer Hankies	466
42503	"Hewlett-Packard - Hp Cpu Stand - Black ""Product Category: Accessories/Stands & Cabinets"""	466
36200	Kensington Flat-Panel Monitor Stand for LCD Monitors up to 22 Inches, Black, 60046	466
42383	Dell MSA14 Single Arm Monitor Stand MH1HV	466
43042	Allview X1 Xtreme Case Stand with Quick Camera Access Various Colors + NEXTDIA Velcro Cable Tie	466
4575	Chief Mfg. Free Stand Pole Mt Array ktp220b -	466
2820	Kensington K60087F WITH SMARTFIT SYSTEMKENSINGTON MONITOR STAND WITH SMARTFIT SYSTEM	466
4575	Amer Networks AMR2C DUAL MONITOR STAND WITH DESK CLAMP	466
43042	BBK Vivo X3s Case Stand with Quick Camera Access Various Colors + NEXTDIA Velcro Cable Tie	466
32754	Tyke Supply Super Hex Monitor Stand Model 600	466
2488	DoubleSight Displays DS-20PHS Single Monitor Flex Mounting Arm Up to 30 Screen - NEW - Retail - DS-20PHS	466
22246	Allsop 30336 Monitor Riser	466
42383	Dell Drivers and Utilities CD for Dell Latitude 2100, E4200, E4300, E5400, E500, E6400, E6400 ATG, E6400 XFR, E6500, XT2 XFR, and Z600	466
29299	Fellowes Office Suites Standard Monitor Riser Plus 8036601	466
43042	Krohn Ceramitation Metallic Gold Color 2 fl oz. Part A	466
43042	LDR 310 P-38 Plug, Black, 3/8-Inch	466
42503	HP P201 20 LED Monitor 16:9 5ms 1600x900 250 Nit 1000:1 DVI/VGA Black - NEW - Retail - C9F26AA#ABA	466
43042	Lenovo A830 Case Stand with Quick Camera Access Various Colors + NEXTDIA Velcro Cable Tie	466
43042	Gionee Elife S5.5 Case Stand with Quick Camera Access Various Colors + NEXTDIA Velcro Cable Tie	466
18614	DoubleSight Single Monitor Flex Arm, Deluxe Pole Style, 14-30 lbs capacity per Monitor DS-30PHS	466
29299	Fellowes Depth Adjustable Monitor Arm 8041601	466
22246	ALLSOP 29191 Metal Art Corner Monitor Stand	466
20313	Lenovo 30R6971 ERGOTRON DS100 QUAD MONITOR 2X2 DESK STAND	466
6990	Doublesight Displays DS-30PHS SINGLE MONITOR FLEX ARM DELUXE POLE STYLE DESK MOUNT 30LBS TAA	466
30187	Elo DA8660 Stand for IntelliTouch 1915L/1928L - Gray	466
30187	Rolodex Woodtone Monitor Stand - Up to 35lb Large Monitor - Black	466
18614	DoubleSight Dual Monitor Flex Stand, Up to 24-Inch Monitors DS-224STA	466
43042	Lenovo S920 Case Stand with Quick Camera Access Various Colors + NEXTDIA Velcro Cable Tie	466
43042	ZTE Nubia Z5 Case Stand with Quick Camera Access Various Colors + NEXTDIA Velcro Cable Tie	466
18614	"Kensington Monitor Stand, Supports 80Lbs., 16""X11-1/2""X3-6"", Black/Gray"	466
13314	Fellowes Smart Suites Corner Monitor Riser, Black 8020101	466
42503	"Ergotech Triple LCD Monitor Desk Stand - 16"" pole - Black"	466
43042	Samsung Galaxy Note 3 Neo Case Stand with Quick Camera Access Various Colors + NEXTDIA Velcro Cable Tie	466
14912	Lenovo 55Y9258 Easy Reach Monitor	466
29299	Svga.Xvga Monitor Gold	466
22246	Allsop Metal Art Jr. Monitor Stand, holds 40 lbs with keyboard storage space - Pewter 27021	466
43042	Bliss S5 Case Stand with Quick Camera Access Various Colors + NEXTDIA Velcro Cable Tie	466
38872	Planar Monitor Stand (997-6035-00)	466
22246	Allsop Large Metal Art Monitor Stand, holds 50 lbs with keyboard storage space - Black 30336	466
43042	Lenovo S890 Case Stand with Quick Camera Access Various Colors + NEXTDIA Velcro Cable Tie	466
43042	ZTE Blade Q Maxi Case Stand with Quick Camera Access Various Colors + NEXTDIA Velcro Cable Tie	466
22012	Ergotron LX Sit-Stand Wall Mount Keyboard Arm - mounting kit	466
30357	3m Easy-Adjust Monitor Arm Tablet Support, 4 1/2 x 1 1/4, Black MMMMATABLET	466
43042	Gigabyte Gsmart Alto A2 Case Stand with Quick Camera Access Various Colors + NEXTDIA Velcro Cable Tie	466
20313	Quad Monitor Desk Stand	466
43042	Lenovo P780 Case Stand with Quick Camera Access Various Colors + NEXTDIA Velcro Cable Tie	466
2820	Kensington K60087 Monitor Stand Small with SmartFit System by Kensington	466
29299	"Billco Plug Black 1-1/4 "" Mallable"	466
22012	LX Dual Stacking Arm	466
43042	Hercules DS551B SOUSAPHONE Stand	466
15042	Professional Series Depth Adjustable Dual Monitor Arm	466
40189	Hydrofarm FLP24 T5 Designer 2ft 4-Tube System w/bulbs	466
2629	MoldingsOnline 3373936425 Riser, 36 x 7.5 x 0.75-Inch	466
43042	Spice Mi-510 Stellar Prime Case Stand with Quick Camera Access Various Colors + NEXTDIA Velcro Cable Tie	466
22246	Allsop Metal Art Jr monitor stand - Pearl Black Color: Pearl Black	466
13314	Fellowes Smart Suites Corner Monitor Riser, Black 8020101	466
43042	Celkon A107 Case Stand with Quick Camera Access Various Colors + NEXTDIA Velcro Cable Tie	466
13314	Fellowes Smart Suites Corner Monitor Riser, Black 8020101	466
43042	Huawei G610s Case Stand with Quick Camera Access Various Colors + NEXTDIA Velcro Cable Tie	466
20313	FLEXIMOUNTS Desk Mount for Samsung/Dell/Asus/Acer/HP/AOC LED/LCD/PDP Computer Monitor 10''-27'' (monitor laptop)	466
43042	THL W200 Case Stand with Quick Camera Access Various Colors + NEXTDIA Velcro Cable Tie	466
17101	DoubleSight Displays DS-10STU USB Monitor Flex Arm	466
43042	Faea F2 Case Stand with Quick Camera Access Various Colors + NEXTDIA Velcro Cable Tie	466
43042	Xiaomi Mi3 Case Stand with Quick Camera Access Various Colors + NEXTDIA Velcro Cable Tie	466
22246	ALLSOP 29191 METAL ART CORNER MONITOR STAND	466
22012	"RAM Mounting Systems - RAM Mount STACK-N-STOW Bait Board w/18"" Pipe Post & Spline"	466
29299	Conductivity Monitor Conductivity meter 0-2000us/cm Error:2%F.S ATC	466
32754	The Best LCD STAND - BLACK AND SILVER - TYPICALLY 15IN TO 20IN	466
4575	FREE STAND POLE MT ARRAY KTP320B	466
2629	MoldingsOnline 3374142421 Riser, 42 x 7.5 x 0.75-Inch	466
27397	Lift Stand Neo Flex Dual LCD	466
37125	Humanscale MF23W303NN-IND MFLEX M2 MONITOR ARM, 3 MONITOR	466
2820	"Kensington® Monitor Stand Plus with SmartFitTM System STAND,MONITOR,15"" Pack of2"	466
32754	Xtrempro LCD Desk Monitor Arm	466
43042	ZTE V887 Case Stand with Quick Camera Access Various Colors + NEXTDIA Velcro Cable Tie	466
43042	Blu Studio 5.3 II D550 Case Stand with Quick Camera Access Various Colors + NEXTDIA Velcro Cable Tie	466
43042	Jiake P6 Case Stand with Quick Camera Access Various Colors + NEXTDIA Velcro Cable Tie	466
43624	ARETOP Modern Wooden Monitor Stand, Riser Stand, Shelf Stand for all iMac and other Computers LCD Monitors. See eye-to-eye with your Monitors,Environmental Protection and Good Looking (Dark Grey)	466
43042	Hercules DS640B Flute/Clarinetinet Stand	466
15042	Balt HG Desktop Monitor Mount	466
34062	Rosewill RX-C200P - hard drive mounting kit	466
42835	HP CE735A Paper Feeder with Stand. 3X500-SHEET STAND FOR LASERJET M4555 MFP PR-STD. 1500 Sheet	466
42503	"Ergotech Group, Inc - Ergotech Dual Lcd Monitor Desk Stand - 16"" Pole - Black - Dual ""Product Category: Accessories/Stands & Cabinets"""	466
22246	ALLSOP 30336 Metal Art Monitor Stand	466
11415	Kantek LCD Monitor Stand with Two Drawers, 18 x 12 1/2 x 5 Inches, Black MS200B 	466
43042	Panasonic P51 Case Stand with Quick Camera Access Various Colors + NEXTDIA Velcro Cable Tie	466
22246	Allsop 30645 Desk Tek Monitor Stand	466
2820	Kensington Genuine Flat Panel DeskMount Arm black	466
22675	Fellowes Adjustable Dual Monitor Arm 8041701	466
22246	ALLSOP 29191 Metal Art Corner Monitor Stand	466
22012	Neo-Flex LCD Arm	466
2820	Elo E252977 Monitor Stand	466
43042	THL W11 Monkey King Case Stand with Quick Camera Access Various Colors + NEXTDIA Velcro Cable Tie	466
43042	BBK Vivo X3s Case Stand with Quick Camera Access Various Colors + NEXTDIA Velcro Cable Tie	466
2629	MoldingsOnline 3386336424 Riser, 36 x 7.5 x 0.25-Inch	466
43042	Ergonomic Protection	466
18614	Doublesight DS-224STA Monitor Stand	466
43042	Amoi A928W Case Stand with Quick Camera Access Various Colors + NEXTDIA Velcro Cable Tie	466
20313	RAM Mount Body Mount f/Legs	466
43042	THL T11 Case Stand with Quick Camera Access Various Colors + NEXTDIA Velcro Cable Tie	466
32644	Dual Laptop Tablet Desk Mount Stand Holder Adjustable Arms	466
43042	Gigabyte GSmart Sierra S1 Case Stand with Quick Camera Access Various Colors + NEXTDIA Velcro Cable Tie	466
43042	Lenovo S860 Case Stand with Quick Camera Access Various Colors + NEXTDIA Velcro Cable Tie	466
29299	Panasonic KX TGA659T Extra Handset, Metallic Black	466
2820	Kensington Column Mount Extended Monitor Arm with SmartFit System - Monitor arm	466
26391	2 X 1 Array Grommet Stand	466
6990	Atdec Visidec VF-AT-NBC Notebook Arm and Monitor Arm Pole Mount Combination	466
22246	Allsop 27021 Metal Art Jr. Tm Monitor Stand	466
43042	Lava Iris 504Q Case Stand with Quick Camera Access Various Colors + NEXTDIA Velcro Cable Tie	466
6990	Single Arm LCD Monitor Wall Mount	466
18614	Doublesight Monitor Stand DS-EXT3	466
42835	"HP PL766AA-B-06 HP L1740 17"" LCD MONITOR STAND (stand only)"	466
40189	Hydrofarm FLP48 T5 Designer 4ft 8-Tube System w/Bulbs	466
17101	Usb Monitor Flex Arm	466
42503	ERGOTRON VESA BRACKET ADAPTOR KIT / 97-759 /	466
38872	Planar Monitor Stand (997-5602-00) by Planar	466
42383	"OEM Genuine Monitor Stand Fits 15"" to 22"" Monitors for Dell LCD Monitors P2210T"	466
2820	Kensington Flat-Panel Monitor Stand for LCD Monitors up to 22 Inches, Black, 60046 by Kensington	466
6990	Atdec Visidec VF-AT-NBC Notebook Arm and Monitor Arm Pole Mount Combination	466
29299	Designer SuitesTM Monitor Riser	466
37125	Humanscale MF21B3C24-IND MFLEX M2, FOR 1 MONITOR W/CLAMP MOUNT	466
21410	"3M Monitor Arm, Dual-Swivel, Black 9"" x 18 1/2"" x 5 1/2"" Brown Box"	466
22012	ERGOTRON Neoflex LCD Stand Black	466
43042	Lenovo S860 Case Stand with Quick Camera Access Various Colors + NEXTDIA Velcro Cable Tie	466
22246	ATDEC Spacedec Triple Monitor Stand, Black SD-FS-T	466
18614	DoubleSight Displays, Single Monitor Flex Stand (Catalog Category: Monitors / Accessories for Monitors)	466
42503	Fellowes Flat Panel Desk Mount, 9169301 Supports up to 36kg or 21Ë CRT or TFT/LCD monitor 	466
29299	Designer Suites Monitor Riser	466
22675	Fellowes Adjustable Dual Monitor Arm 8041701	466
43042	Faea F2S Case Stand with Quick Camera Access Various Colors + NEXTDIA Velcro Cable Tie	466
43042	Lenovo A830 Case Stand with Quick Camera Access Various Colors + NEXTDIA Velcro Cable Tie	466
22012	MX DESK MOUNT LCD ARM TO 30LBSEXTEND/RETRACT 16.7I	466
43042	Lenovo A859 Case Stand with Quick Camera Access Various Colors + NEXTDIA Velcro Cable Tie	466
29299	- Monitor Riser, 8.8 x 20 x 4.8, White/Gray	466
38872	Planar Dual Monitor Stand, Black 997-5253-00	466
29299	Lifting Arm Black	466
22012	MX Desk Mount LCD Arm	466
43042	Micromax Canvas 4 A210 Case Stand with Quick Camera Access Various Colors + NEXTDIA Velcro Cable Tie	466
42835	HP PA507A Standard Monitor Stand	466
22246	ALS29248 - Allsop MONITOR STAND	466
29299	Fellowes Smart Suites Monitor Riser Plus	466
29299	Fellowes 8031001 Premium Monitor Riser	466
2629	MoldingsOnline 3386348422 Riser, 48 x 7.5 x 0.25-Inch	466
6990	Cotytech LCD Monitor Slatwall Mount Single Arm	466
30357	Adjustable Arm Kit, T-Arms, For 5900 Series, Black	466
43042	Huawei G610s Case Stand with Quick Camera Access Various Colors + NEXTDIA Velcro Cable Tie	466
11180	"30"" IPS CCFL Backlit LCD Panel WQXGA 2560x1600 Dual Link DVI-D, w/Adjustable stand -Matte / Anti-Glare USAHC"	466
25707	Adjusts monitor height to an optimal viewing angle to help to reduce eye and neck strain. - ACCO BRANDS, INC. * Spin2 Monitor Stand, 14 x 14 x 3 1/4,	466
29299	AIDATA HEIGHT ADJUST MONITOR	466
18614	DoubleSight Displays Dual Monitor Stand DS-219STB R Refurbished	466
29299	"Xcellon Windows 8 Touch Pen Designed for 9"" to 17"" Laptop or Monitor"	466
2629	MoldingsOnline 3358536425 Riser, 36 x 7.5 x 0.75-Inch	466
42503	"Dell, Inc - Dell Mds14 Monitor Stand - 9"" Height X 30"" Width X 19.5"" Depth - Desktop ""Product Category: Accessories/Stands & Cabinets"""	466
4575	Chief Mfg. Dual Arm Pole Mount kpd110s -	466
29299	Mmmlx550Us Riser Notebook Vrt Bk	466
2820	MK- Stand SecuriMK TFT Monitor	466
30357	Adjustable Arm Kit, T-Arms, For 5900 Series, Black	466
42835	HP Single Monitor Arm	466
42503	"Planar 997-6035-00 TRIPLE MONITOR STAND 75MM OR 100MM VESA Up to 58 lb - Up to 24"" LCD Monitor"	466
43042	Blu Studio 5.3 II D550 Case Stand with Quick Camera Access Various Colors + NEXTDIA Velcro Cable Tie	466
27434	Dyconn DE300S BUTTERFLY MONITOR GROMMET/CLAMP Desk Mount	466
5147	"RAM Mount GoPro Adapter w/1"" Ball, Model # RAP-B-202U-GOP1"	466
29299	Fellowes 8031001 Premium Monitor Riser	466
20313	DSS TaskMate EZ TaskMate Monitor Mount only	466
18614	DoubleSight Displays Dual Monitor Stand DS-219STB R Refurbished	466
11415	Easy-Adjust Dual Monitor Arm; 4 1/2 x 11 1/2, Black/Gray	466
2820	Flat Panel Monitor Arm	466
22246	BYK-Gardner 4892 Brookfield Viscometer Helipath Stand, 115V/60 Hz	466
29299	Fellowes Depth Adjustable Monitor Arm 8041601	466
2629	MoldingsOnline 3385736424 Riser, 36 x 7.5 x 0.25-Inch	466
22246	ALLSOP 30336 Metal Art Monitor Stand	466
43042	JiaYu S1 Case Stand with Quick Camera Access Various Colors + NEXTDIA Velcro Cable Tie	466
43042	Verifone E-367-1026 STAND VERIFONE MX8XX	466
4575	Chief K1 Series Gas Spring Technology Positioning Dual Monitor Dynamic Display Arm Column	466
22246	Allsop Metal Art Jr monitor stand - Pearl Black	466
32644	Adjustable Dual Monitor Stand	466
29299	"DSS Xtend 26"" Monitor Arm (AL-713229 Black)"	466
43042	Techno Phantom A F7 Case Stand with Quick Camera Access Various Colors + NEXTDIA Velcro Cable Tie	466
42383	Dell Monitor Stand	466
43042	Blu Life One M Case Stand with Quick Camera Access Various Colors + NEXTDIA Velcro Cable Tie	466
2820	BOYO VTM7010 HDM1 7-Inch Stand Security TFT Monitor	466
43042	ZTE Blade Q Maxi Case Stand with Quick Camera Access Various Colors + NEXTDIA Velcro Cable Tie	466
20313	"Monitor Desk Mount - 10"""" to 26"	466
30357	3M Underdesk CPU Holder, 360 Swivel, Steel, Black	466
29299	FELLOWES office suites standard monitor riser plus 8036601	466
43042	Intex Aqua Curve Case Stand with Quick Camera Access Various Colors + NEXTDIA Velcro Cable Tie	466
29299	Fellowes® Designer SuitesTM Monitor Riser, Black Pearl	466
7518	JOECNC Aluminum Alloy FPV Monitor Mounting Bracket for DJI in Purple	466
43042	Lenovo S920 Case Stand with Quick Camera Access Various Colors + NEXTDIA Velcro Cable Tie	466
29299	Standard Monitor Riser	466
43042	Hercules DS513BB 2 Trumpet/Cornet+1 FLUG Stand w/BagG	466
5147	RAM Mount Glare Shield Clamp Mount w/Diamond Base Adapter	466
43042	Lenovo K860 Case Stand with Quick Camera Access Various Colors + NEXTDIA Velcro Cable Tie	466
38872	Planar Dual Monitor Stand, Black 997-5253-00	466
43042	Toshiba 50L7300U Stand	466
42707	InFocus INF-STND-LIFT Mounting Extension for Flat Panel Display	466
2820	Ergo-Comfort® Flat Panel Monitor Arm	466
2629	MoldingsOnline 3376142420 Riser, 42 x 7.5 x 0.25-Inch	466
43042	Blu Life One M Case Stand with Quick Camera Access Various Colors + NEXTDIA Velcro Cable Tie	466
43042	Kazam Trooper X5.0 Case Stand with Quick Camera Access Various Colors + NEXTDIA Velcro Cable Tie	466
6990	Cotytech LCD Monitor Slat Wall Mount Single Arm (SM-1A1)	466
42503	New-Flat Panel Triple Monitor Mnt - KTP320B	466
22012	Plumb Pak/Keeney Mfg. - 1-1/2X7 Sl Jnt Waste Arm	466
43042	THL W200 Case Stand with Quick Camera Access Various Colors + NEXTDIA Velcro Cable Tie	466
37125	Humanscale MF2CB MFLEX MONITOR ARM	466
38872	Planar Dual Monitor Stand, Black 997-5253-00	466
29299	FELLOWES 8031101 MONITOR RISER	466
29299	AFC ET-7234-FX-3-G DEEP ERGONOMIC WORK SURFACE.ONE TOUCH BUTTON ADJUSTMENTS FOR SURFACE AND MONITOR	466
42503	"HEWLETT-PACKARD Adjustable Dual Monitor Stand Up to 24"" Monitor / AW664UT#ABA /"	466
20313	SIIG CE-MT1812-S1 13-24 Inches Triple Monitor Desk Stand	466
15183	"FELLOWES Smart Suites Corner Monitor Riser / 22.05 lb - 21"" Flat Panel Display - Black - Desktop / 8020101 /"	466
17085	Allsop Monitor Stand Metal Art Jr. - Pewter 27021	466
29299	Fellowes 8020101 Smart Suites Monitor Riser Fellowes8020101	466
27397	Lift Stand Neo Flex Dual LCD	466
29299	Monitor Riser	466
43042	Platinet Omega Mercury S50 Case Stand with Quick Camera Access Various Colors + NEXTDIA Velcro Cable Tie	466
29299	Fellowes Office Suites Premium Monitor Riser, Black 8031001 	466
30357	3M Adjustable CPU Stand CS100MB 	466
18614	DoubleSight Dual Monitor Flex Stand, Up to 19-Inch Monitors DS-219STA	466
4575	Chief Mfg. Free Stand Pole Mt Array ktp230b -	466
11416	"3M MA240MB Ergonomic - Monitor Arm Easy-Adjust Black (9"" x 30"" x 5 1/2"") (Brown Box)"	466
2820	Kensington Flat Panel Monitor Arm - 595387	466
42835	ESI - EDGE Series Single Monitor Arm	466
29299	Monitor Riser Monitor Riser	466
2820	Ilap 15 Pc - Laptop Stand By Rain Design	466
5831	Prestige International Monitor Arm (BMA42S2KGW)	466
34259	200 Series Combo Arm Black	466
43042	Global Truss DT-PRO4000 13Ft. Crank Stand 264Lbs. Max Load	466
35350	Kelly Computer Supplies 10368 Monitor/Printer Stand w/Drawer,13 1/4 x 13 1/2 x 4, Black	466
4575	Chief K4G320B Kontour K4 3x2 Grommet Mounted Monitor Array - Black	466
29299	Convenience Concepts 121041 Casual Monitor Riser, Small	466
29299	Premium Monitor Riser [Electronics]	466
20313	SIIG CE-MT0R12-S1 13-27 Inches Articulating Triple Monitor Desk Mount	466
29299	Eizo LA-131-D - monitor arm LA-131-D-BK	466
42503	MonMount Curved Triple LCD Monitor Stand Freestanding Up to 24-Inch, Black (Curved-T-Stand-B)	466
43042	Micromax Canvas 4 A210 Case Stand with Quick Camera Access Various Colors + NEXTDIA Velcro Cable Tie	466
29299	Fellowes - Monitor Riser Black Pearl	466
42503	Ergotron FX30 - Mounting Kit for Monitor - Black	466
43042	Blu Studio 5.3 II D540 Case Stand with Quick Camera Access Various Colors + NEXTDIA Velcro Cable Tie	466
29299	Monitor Riser	466
43042	Jiake N7100 Case Stand with Quick Camera Access Various Colors + NEXTDIA Velcro Cable Tie	466
29299	Ongaro Standard Parallel Arm 39152	466
22675	Fellowes Adjustable Dual Monitor Arm 8041701	466
43042	Jiake N7100 Case Stand with Quick Camera Access Various Colors + NEXTDIA Velcro Cable Tie	466
43042	Oppo Ulike 2 Case Stand with Quick Camera Access Various Colors + NEXTDIA Velcro Cable Tie	466
42885	"21"" Acrylic Black Monitor Riser Stand with Keyboard Storage, Holds up to 50 Pounds,(533x200x100mm,10mmThick)"	466
29299	Mead-Hatcher Stackable Monitor Riser, Stackable, Gray (MAT21202)	466
29299	GE 90225-22-02-06-01-02-02-03-01-02 Temp Monitor Board	466
42503	Ergotron Neo-Flex All-In-One Lift Stand. NEO FLEX ALL-IN-ONE LIFT STAND MNTR-L. Up to 16lb - Up to 24' LCD Monitor - Black	466
2820	SmartFit Monitor Stand	466
29299	HANOVIA 75737-10 UV MONITOR	466
2629	MoldingsOnline 3385436424 Riser, 36 x 7.5 x 0.25-Inch	466
43042	Spice Mi-505 Stellar Horizon Pro Case Stand with Quick Camera Access Various Colors + NEXTDIA Velcro Cable Tie	466
28465	Fellowes Premium CPU Stand 8w x 9d x 9-1/2h Platinum	466
42503	NavePoint Dual LCD Monitor Desk Stand/Mount Free Standing Adjustable 2 Screens upto 24-Inches Black	466
32754	LCD MOUNTING ARM IS DESIGNED TO SUPPORT 2 SCREENS FROM ONE POLE. FITS MOST LCD S 05321 -	466
4575	Chief Manufacturing Widescreen Quad Monitor Grommet Mount KTG445B	466
22246	ALLSOP 30645 Desk Tek Monitor Stand	466
17101	Triple Monitor Flex Stand	466
43042	Lenovo P780 Case Stand with Quick Camera Access Various Colors + NEXTDIA Velcro Cable Tie	466
18614	DoubleSight Single Monitor Flex Arm, Pole Style, 6-20 lbs capacity per Monitor DS-20PH	466
43042	THL W200 Case Stand with Quick Camera Access Various Colors + NEXTDIA Velcro Cable Tie	466
9814	Premium CPU Stand	466
23570	"Loctek Gas Spring Dual Arm Desk Mounts Fits 10""-27"" Monitor (D5DH)"	466
42835	HP Business - Adjustable Dual Monitor Stand	466
35230	Compucessory Stackable Monitor Riser 25303	466
42707	Elo E866864 Mounting Adapter for Flat Panel Display E866864 -	466
32754	Ergotech Dual Horizontal LCD Monitor Arm Desk Stand (100-D16-B02) by Ergotech	466
18596	ARCTIC Z-1 Single 3-Stage Monitor Arm, VESA 75/100 Compliant, 4-Port USB DataHub - Red	466
22012	"Cooler Master E2U-KPKCS-01 Socket-1207 3.5"" Mounting Hole Distance"	466
18614	DoubleSight Dual Monitor Flex Stand, Up to 24-Inch Monitors DS-224STA	466
43042	XTOUCH X509 Case Stand with Quick Camera Access Various Colors + NEXTDIA Velcro Cable Tie	466
35350	Kelly Computer Supplies 10870 CPU Stand w/Locking Wheels, 3w x 16-1/2d x 4-1/2h, Black	466
43042	Maxwest Orbit X50 Case Stand with Quick Camera Access Various Colors + NEXTDIA Velcro Cable Tie	466
29299	FEL8031101 - Fellowes Office Suites Monitor Riser	466
20313	Dual Monitor Desk Mount Dual Monitor Desk Mount	466
43042	SneakAPill DS	466
22012	Ergotron MX WALL MOUNT LCD ARM, 45-228-026	466
29299	NEW MONITOR KAX ROTARY PADDLE BIN MONITOR 115V-AC LEVEL SENSOR D501178	466
43042	Blu Studio 5.3 II D540 Case Stand with Quick Camera Access Various Colors + NEXTDIA Velcro Cable Tie	466
17430	Mobile CPU Stand Color: Platinum	466
39943	"Aidma Enterprise Co Aidma MR301 Monitor Riser for 24"" Most Monitor"	466
22012	MX Desk Mount LCD Arm	466
43042	Xiaomi Mi3 Case Stand with Quick Camera Access Various Colors + NEXTDIA Velcro Cable Tie	466
15346	3M MALAPTOP2 MONITOR ARM WITH LAPTOP SUPPORT TRAY ATTACHMENT BROWN BOX	466
37303	** Deluxe Mobile CPU Stand, 12w x 12d x 18h, Black	466
43042	Maxwest Orbit X50 Case Stand with Quick Camera Access Various Colors + NEXTDIA Velcro Cable Tie	466
18614	DoubleSight Dual Monitor Flex Arm, Verticle Style, <30 lbs capacity per Monitor DS-230PV	466
43042	Prestigio MultiPhone 7500 Case Stand with Quick Camera Access Various Colors + NEXTDIA Velcro Cable Tie	466
29299	Fellowes R Office Suites Monitor Mount Copyholder, Black/Silver	466
19709	iStarUSA WA-LCD4UB Black 4U LCD Universal VESA Mounting Rack - NEW - Retail - WA-LCD4UB	466
43042	Meizu MX3 Case Stand with Quick Camera Access Various Colors + NEXTDIA Velcro Cable Tie	466
2488	DoubleSight Displays DS-20PHS Single Monitor Flex Mounting Arm Up to 30 Screen - NEW - Retail - DS-20PHS	466
43042	iGlo A909 Case Stand with Quick Camera Access Various Colors + NEXTDIA Velcro Cable Tie	466
29299	Fellowes Designer Suites Monitor Arm 8038201	466
11415	3m Easy-Adjust Dual Monitor Arm; 4 1/2 x 11 1/2, Black/Gray MMMMA260MB	466
43042	Maxwest Orbit X50 Case Stand with Quick Camera Access Various Colors + NEXTDIA Velcro Cable Tie	466
22012	Anthro Ergonomic Workstations LCD Arm Super 	466
2820	KMW60089 - Kensington Monitor Stand	466
42503	STARTECH.COM Replacement PC Mounting #4-40 Metal Jack Screw Standoff - 50 Pack / SCREWNUT4_40 /	466
43042	ZTE Grand S Case Stand with Quick Camera Access Various Colors + NEXTDIA Velcro Cable Tie	466
11417	** Designer Suites Laptop Riser, 13 1/8 x 11 1/8 x 4, Black **	466
29299	Linxcel 4-Port SVGA VGA ELECTRONIC Monitor Switch	466
43042	Yota YotaPhone 2 Case Stand with Quick Camera Access Various Colors + NEXTDIA Velcro Cable Tie	466
29299	Fellowes Standard Monitor Riser 91712	466
29299	Fellowes Office Suites Premium Monitor Riser, Black 8031001	466
43042	Samsung Galaxy Note 3 Neo Case Stand with Quick Camera Access Various Colors + NEXTDIA Velcro Cable Tie	466
42503	Ziotek 111 0347 Desk Clamp LCD Monitor Mounting System	466
22246	Stump Stand Black	466
43042	Samsung Galaxy Note 3 Neo Duos Case Stand with Quick Camera Access Various Colors + NEXTDIA Velcro Cable Tie	466
43042	Maxx MSD7 3G-AX51 Case Stand with Quick Camera Access Various Colors + NEXTDIA Velcro Cable Tie	466
38872	The Best PLANAR QUAD MONITOR STAND - TAA COMPLIANT. SUPPORTS LCD MONITOR 15 TO 24 AND UN	466
43042	Celkon AR50 Case Stand with Quick Camera Access Various Colors + NEXTDIA Velcro Cable Tie	466
43042	Asus PadFone Infinity Lite Case Stand with Quick Camera Access Various Colors + NEXTDIA Velcro Cable Tie	466
11035	3M LX550 Vertical Notebook Riser LX550 	466
22246	Allsop Redmond Monitor Stand, 14 5/8 x 11 x 4 1/4, Black/Gray/Silver	466
43042	Lenovo S920 Case Stand with Quick Camera Access Various Colors + NEXTDIA Velcro Cable Tie	466
2820	Kensington K60106 Flat Panel Desk Mount Monitor Arm Black	466
43042	Uniscope US828 TD-LTE Case Stand with Quick Camera Access Various Colors + NEXTDIA Velcro Cable Tie	466
32754	LCD Monitor Desk Stand	466
2629	MoldingsOnline 3386042421 Riser, 42 x 7.5 x 0.75-Inch	466
43042	THL W200 Case Stand with Quick Camera Access Various Colors + NEXTDIA Velcro Cable Tie	466
43042	Techno Phantom A F7 Case Stand with Quick Camera Access Various Colors + NEXTDIA Velcro Cable Tie	466
29299	BINGONE Hide-power Pop-up Station Desktop, Three Outlets, Plastic, Black	466
29299	Fellowes 8031001 Premium Monitor Riser	466
43042	Jiake P6 Case Stand with Quick Camera Access Various Colors + NEXTDIA Velcro Cable Tie	466
2820	Adjusts monitor height to an optimal viewing angle to help to reduce eye and neck strain. - ACCO BRANDS, INC. * Monitor Stand Plus with SmartFit Syste	466
29299	Fellowes Genuine Monitor Riser	466
29299	Fellowes Designer Suites Laptop Riser, Black (8038401) by Fellowes	466
43042	Oppo Ulike 2 Case Stand with Quick Camera Access Various Colors + NEXTDIA Velcro Cable Tie	466
27397	Dual Monitor Flex Stand Up To19in Mntr Preassemble	466
20313	Siig CE-MT0Q11-S1 Dual Monitor Desk Mount	466
26391	Kantek CRT/LCD Stand with Keyboard Storage, 23 x 13 1/4 x 3, Black-- by BND 750333632811 MS280B	466
18614	DoubleSight Quad Monitor Flex Stand, Up to 24-Inch Monitors DS-424STA	466
22246	STAND BLACK	466
10845	"Dual Monitor Desktop Mount Stand Holder with Adjustable Arms - Holds LCD Monitor up to 27"""	466
22246	Allsop Large Metal Art Monitor Stand, holds 50 lbs with keyboard storage space - Black 30336	466
29299	"Ikan 6"" Articulating Monitor Arm"	466
45120	"2xhome - Single LCD Monitor Desk Mount Stand Fully Adjustable/Tilt for 1 Screen upto 27"""	466
29299	Fellowes Office Suites Premium Monitor Riser, Black 8031001	466
23570	Cotytech Six Monitor Desk Mount Spring Arm Quick Release/Connect	466
11415	LCD Monitor Stand with 2 Drawers, 18 x 12 1/2 x 5, Black	466
43624	PERIPHERAL LOGIX LCD ACCESSORY 7517-1500-124 ILIFT FLEXIBLE MONITOR ARM FOR APPLE CINEMA DISPLAY	466
6691	"Mobile Edge - 16"" Pc/17"" Macbook(R) Express Tote (10 Pieces) - Mobile Edge - 16"" Pc/17"" Macbook(R) Express Tote Fits Notebooks With Up To 16"" Screens & Macbook(R) With Up To 17"" Screens Lightweight D"	466
15042	Humanscale MF22B9-9--C30--IND MFLEX MONITOR ARM FOR 2 MONITORS	466
43042	Spice Mi-510 Stellar Prime Case Stand with Quick Camera Access Various Colors + NEXTDIA Velcro Cable Tie	466
43042	Prestigio MultiPhone 5500 Duo Case Stand with Quick Camera Access Various Colors + NEXTDIA Velcro Cable Tie	466
29299	Fellowes - DESIGNER SUITES MONITOR ARM	466
11415	3M Dual-Swivel Monitor Arm, 4 1/2 x 25 1/2, Black/Gray	466
43042	Lenovo S880 Case Stand with Quick Camera Access Various Colors + NEXTDIA Velcro Cable Tie	466
20313	Cemt1712s1 - Dual Monitor Desk Stand	466
29299	Star Trek Borg Cube Monitor Mate	466
2629	MoldingsOnline 3376942421 Riser, 42 x 7.5 x 0.75-Inch	466
42503	Dyconn DE732S-S RAVEN VANGUARD SERIES GAMING DUAL MONITOR MOUNT STAND - NEW - Retail - DE732S-S	466
22246	Scopecoat for EOTech - 553R Black	466
43042	Yota YotaPhone 2 Case Stand with Quick Camera Access Various Colors + NEXTDIA Velcro Cable Tie	466
43042	Gionee M2 Case Stand with Quick Camera Access Various Colors + NEXTDIA Velcro Cable Tie	466
2629	MoldingsOnline 3374336425 Riser, 36 x 7.5 x 0.75-Inch	466
29299	FELLOWES designer suites monitor riser	466
2145	4 PC to 1 Monitor VGA Sharing Switch For LCD PC TV Monitor	466
6584	Ziotek Notebook Arm For Mobile Cart Pole, Up To Size 15.4 In.	466
43042	Samsung Galaxy Note 3 Neo Case Stand with Quick Camera Access Various Colors + NEXTDIA Velcro Cable Tie	466
11415	Kantek LCD Monitor Stand with Two Drawers, 18 x 12 1/2 x 5 Inches, Black (MS200B) by Kantek	466
26391	Xbrand XB-1002F-US Rotating Laptop Stand Black	466
29299	Combination Monitor Arm and Taa Compliant	466
29299	SainSmart MMA7455 Accelerometer Sensor Module AVR ARM MCU	466
37125	Humanscale MF21S8---C12--IND MFLEX M2 FOR 1 MONITOR, W/CLAMP MOUNT	466
29299	Fellowes® Designer SuitesTM Monitor Riser, Black Pearl	466
15713	VISIDEC VF-AT-NBC Focus Notebook & Monitor Arm Combo	466
27397	Dual Monitor Stand	466
43042	Lenovo K860 Case Stand with Quick Camera Access Various Colors + NEXTDIA Velcro Cable Tie	466
43042	i-mobile IQ X Octo Case Stand with Quick Camera Access Various Colors + NEXTDIA Velcro Cable Tie	466
2820	KENSINGTON COMPUTER MONITOR STAND SMALL SMARTFIT Fits Any Monitor Up To 17inch & 40 Lbs Black	466
17101	Supervisory Circuits Single uPower Voltage Monitor 10 pieces 	466
29299	Standard Monitor Riser	466
11416	"3M MA240MB Ergonomic - Monitor Arm Easy-Adjust Black (9"" x 30"" x 5 1/2"") (Brown Box)"	466
43042	Xiaomi Mi3 Case Stand with Quick Camera Access Various Colors + NEXTDIA Velcro Cable Tie	466
12542	Office Suites Premium Monitor Riser, 27 x 14 x 4 1/4, Black/Silver - FEL8031001	466
30357	3M Extra-Wide Adjustable Monitor Stand, Black	466
43042	ZTE Grand S Case Stand with Quick Camera Access Various Colors + NEXTDIA Velcro Cable Tie	466
12542	Office Suites Monitor Riser, 20 x 14 1/16 x 4 - 6 1/2, Black/Silver	466
29299	Monitor Riser Black Pearl	466
2629	MoldingsOnline 3371548422 Riser, 48 x 7.5 x 0.25-Inch	466
6152	V7 LED LED236W3S-9N 23.6-Inch Screen LED-Lit Monitor	466
22246	Allsop Large Metal Art Monitor Stand, holds 50 lbs with keyboard storage space - Black 30336	466
43042	BBK Vivo X3s Case Stand with Quick Camera Access Various Colors + NEXTDIA Velcro Cable Tie	466
18614	BOYO VTM7003QMA Quad Monitor	466
2629	MoldingsOnline 2104942420 Riser, 42 x 7.5 x 0.25-Inch	466
30187	"Honeywell STND-15R00-000-4 Scanner Stand - 6"" Height - Gray - STND-15R00-000-4"	466
43042	Evolve FX500 Case Stand with Quick Camera Access Various Colors + NEXTDIA Velcro Cable Tie	466
18614	DoubleSight Quad Monitor Flex Stand, Up to 24-Inch Monitors DS-424STA	466
2629	MoldingsOnline 3367748422 Riser, 48 x 7.5 x 0.25-Inch	466
37923	Secure CPU & Monitor Mount	466
29299	Monitor Riser Black Pearl	466
43042	Maxwest Orbit Z50 Case Stand with Quick Camera Access Various Colors + NEXTDIA Velcro Cable Tie	466
29299	Fellowes 8031101 Monitor Riser	466
7528	FanGoods Bluetooth Wireless Keyboard Cover Case with Swivel Rotary Stand for iPad Mini	466
42383	Dell W4201C Tabletop Base Pedestal Stand	466
29299	Fellowes Designer SuitesTM Monitor Riser, Black Pearl	466
11416	"3M MA260MB Ergonomic - Dual Monitor Arm Easy-Adjust Black (19"" x 23"" x 5 1/2"") (Brown Box)"	466
43042	InFocus M320u Case Stand with Quick Camera Access Various Colors + NEXTDIA Velcro Cable Tie	466
29299	Fellowes 8031001 Premium Monitor Riser	466
20313	Siig CE-MT0M11-S1 Monitor Desk Mount - 10	466
15150	Innovera Econo Mobile CPU Stand, 8-3/4w x 10d x 5h, Light Gray-- by BND 686024540014 54001	466
29299	Noname Extra Duo Monitor Arm LA51 Silver, 438-LB52 (Silver)	466
2629	MoldingsOnline 3371042421 Riser, 42 x 7.5 x 0.75-Inch	466
26391	Just Mobile Mtable Deluxe Monitor Stand	466
22246	MESH LARGE MONITOR STAND	466
2820	KMW60089 - Kensington Monitor Stand	466
21410	(3 Pack Value Bundle) FEL8020101 Smart Suites Corner Monitor Riser, 3 7/8 to 5 1/8 x 18 1/2 x 12 1/2, Black	466
8437	Height-Adjust Standard Monitor Riser, 13 1/8 x 13 1/2d x2-4, Platinum, Sold as 1 Each	466
10845	"Dual LCD Monitor Stand Desk Clamp Holds up to 25"" LCD Monitors"	466
43042	Micromax A117 Canvas Magnus Case Stand with Quick Camera Access Various Colors + NEXTDIA Velcro Cable Tie	466
23271	Univ. Monitor Stand	466
6152	V7 LED D185W1-8N 18.5-Inch Screen LED-lit Monitor	466
11415	Kantek LCD Monitor Stand with Two Drawers, 18 x 12 1/2 x 5 Inches, Black MS200B	466
43042	Spice Mi-505 Stellar Horizon Pro Case Stand with Quick Camera Access Various Colors + NEXTDIA Velcro Cable Tie	466
29299	Monitor Riser	466
43624	"Falcon Anti-Static Monitor Wipes, 6""X6-1/2"", 80 Wipes , Falcon Anti-Static Monitor Wipes, 6""X6-1/2"", 80 Wipesdust-Off Antistatic Monitor Wipes Are Designed For Cleaning Most Computer Screens, Laptop"	466
2488	1 - Dual Multi Monitor Arm	466
42383	Genuine Dell 2408WFPB LCD Monitor Stand 20.143B0.013G	466
34259	Single Monitor Arm	466
2145	4 PC to 1 Monitor VGA Sharing Switch For LCD PC TV Monitor	466
4575	Chief Mfg. Dynamic Desk Clamp Mount	466
29299	Monitor Riser Black Pearl	466
18614	DoubleSight Single Monitor Flex Stand, Up to 30-Inch Monitors (DS-130STA) by DoubleSight	466
29299	Fellowes Standard Monitor Riser 91712	466
43042	Xiaomi Mi3 Case Stand with Quick Camera Access Various Colors + NEXTDIA Velcro Cable Tie	466
43042	Lenovo P780 Case Stand with Quick Camera Access Various Colors + NEXTDIA Velcro Cable Tie	466
43042	Xolo Q1000 Case Stand with Quick Camera Access Various Colors + NEXTDIA Velcro Cable Tie	466
18614	DoubleSight Dual Monitor Flex Stand, Up to 24-Inch Monitors DS-224STA 	466
23558	OFC Express Monitor Stand 20.5 x 11 x 4.25, Oak	466
43042	Amoi A955T Case Stand with Quick Camera Access Various Colors + NEXTDIA Velcro Cable Tie	466
43042	InFocus M320u Case Stand with Quick Camera Access Various Colors + NEXTDIA Velcro Cable Tie	466
29299	Fellowes CRC80311 Office Suites Monitor Riser	466
29299	Fellowes 8031001 Premium Monitor Riser	466
17101	USB Monitor Flex Arm	466
8437	Monitor Riser, 8.8 X 20 X 4.8, White/Gray, Total 2 EA	466
43042	Lava Iris 502 Case Stand with Quick Camera Access Various Colors + NEXTDIA Velcro Cable Tie	466
45120	"LCD Monitor Stand Desk Mount with 2 USB Screen upto 27"" Black Gas Spring Arm"	466
29299	Fellowes Monitor Riser Standard White - 91712	466
37303	KTKCS200B Mobile CPU Stand, 4-1/2w x 16d x 7h, Black	466
29299	Fellowes Depth Adjustable Monitor Arm 8041601	466
22246	ALS29248 - Allsop MONITOR STAND	466
2820	Kensington - Flat Panel Monitor Stand Black	466
32644	Dual Arms Desktop Mount Stand for Laptop and LCD Monitor	466
40701	MONITORMATE miniONE_White Monitor Stands for Apple Mac iMac Macbook Air	466
43042	Celkon A118 Case Stand with Quick Camera Access Various Colors + NEXTDIA Velcro Cable Tie	466
23570	Kontour Dual Arm Pole Mount Finish: Silver	466
6990	AW LCD Monitor & Laptop Height Angle 360 Rotation Stand Adjusting Arm Desktop Mount Reception	466
22012	Ergotron 33-396-085 Neo-Flex Dual LCD Lift Stand	466
22246	Allsop Large Metal Art Monitor Stand, holds 50 lbs with keyboard storage space - Black 30336	466
29299	Fellowes Designer Suites Laptop Arm 80348	466
43042	Spice Mi-505 Stellar Horizon Pro Case Stand with Quick Camera Access Various Colors + NEXTDIA Velcro Cable Tie	466
43042	Spice Mi-505 Stellar Horizon Pro Case Stand with Quick Camera Access Various Colors + NEXTDIA Velcro Cable Tie	466
22246	2Cool Trendy Stand with Keyboard for Mac/PC 2C-SK11-BK	466
9814	Fellowes 8038201 Flat Panel Monitor Arm	466
43042	Flambeau 853000 Rhino Flexi-Tub Display Stand	466
4575	Chief Mfg. PDC-U Flat Panel Dual Ceiling Mount	466
43042	Lenovo P780 Case Stand with Quick Camera Access Various Colors + NEXTDIA Velcro Cable Tie	466
11415	- Dual-Swivel Monitor Arm, 4 1/2 x 25 1/2, Black/Gray	466
20689	Sunrise Kendama - Metallic Gold - Gold	466
43042	Micromax A110Q Canvas 2 Plus Case Stand with Quick Camera Access Various Colors + NEXTDIA Velcro Cable Tie	466
43042	Gigabyte Gsmart Alto A2 Case Stand with Quick Camera Access Various Colors + NEXTDIA Velcro Cable Tie	466
22246	Allsop 29248 Redmond Monitor Stand	466
4575	Dynamic Desk Clamp Mount, Single Monitor	466
12542	Office Suites Premium Monitor Riser, 27 x 14 x 4 1/4, Black/Silver	466
29299	SecuEyes CH-LCD56DTK-2D 5.6-Inch CCTV Monitor (Gray)	466
22246	LABCONCO/BUCHLER 9743209 Guardian Digital Airflow Monitor for Basic Laboratory Hoods, 230V, 50 Hz	466
30187	StarTech.com Desktop Monitor Stand with Cable hook - T - ARMPIVSTND	466
43042	Lava Iris 504Q Case Stand with Quick Camera Access Various Colors + NEXTDIA Velcro Cable Tie	466
11417	-- Designer Suites Laptop Riser, 13 1/8 x 11 1/8 x 4, Black	466
42503	"Planar 997-6035-00 TRIPLE MONITOR STAND 75MM OR 100MM VESA Up to 58 lb - Up to 24"" LCD Monitor"	466
23570	Mount-It! Expandable Two Monitor Computer Desk Mount Spring Arm Quick Release for Apple and MAC Monitors, Silver (MI-45116A)	466
29299	Ikan Monitor Arm with Shoe Monitor Adapter	466
11416	ALLSOP, INC. Metal Art Monitor Stand, 18 1/2 x 12 1/4 x 5 1/4, Black 30336 	466
6152	V7 LED LED215W2S-9N 21.5-Inch Screen LED-Lit Monitor	466
29299	Fellowes Office Suites Premium Monitor Riser, Black 8031001	466
18614	Doublesight DS-224STA Monitor Stand	466
43042	Lenovo S850 Case Stand with Quick Camera Access Various Colors + NEXTDIA Velcro Cable Tie	466
43042	Micromax Canvas 4 A210 Case Stand with Quick Camera Access Various Colors + NEXTDIA Velcro Cable Tie	466
43042	Lenovo S820 Case Stand with Quick Camera Access Various Colors + NEXTDIA Velcro Cable Tie	466
29299	Fellowes Designer Suites Laptop Arm 80348	466
29299	Fellowes - Monitor Riser	466
18614	DoubleSight Displays DS-219STB Dual Monitor Flex Stand	466
11416	"3M MA140MB Ergonomic - Monitor Arm Dual-Swivel Black (9"" x 18 1/2"" x 5 1/2"") (Brown Box)"	466
43042	Gigabyte Gsmart Simba SX1 Case Stand with Quick Camera Access Various Colors + NEXTDIA Velcro Cable Tie	466
2820	"Triple Monitor Deskmount Stand 13~27"", LDT06-C03"	466
29299	Supervisory Circuits 2.93V Monitor 5 pieces	466
29299	Monitor Riser	466
29299	Fellowes Premium Mobile CPU Stand 91781 -	466
24997	Ergoguys MS-1002G AIDATA DELUXE MONITOR STAND WITH DRAWER VIA ERGOGUYS	466
22246	SAFE-T-WRIST SD, XL BLACK - RETAIL	466
22246	Allsop Metal Art Jr monitor stand - Pearl Black	466
25707	Redmond Monitor Stand, 14 5/8 x 11 x 4 1/4, Black/Gray/Silver	466
23570	MANHATTAN Monitor Wall Mount 432351	466
34934	- Flat Panel Monitor Station, 22 3/4 x 12 1/4 x 2 1/2 to 4 1/2, Black	466
43042	Celkon A107 Case Stand with Quick Camera Access Various Colors + NEXTDIA Velcro Cable Tie	466
15557	50ft Vga/Svga Monitor Extension Hddb15m To Hddb15f Rohs	466
43042	Faea F2S Case Stand with Quick Camera Access Various Colors + NEXTDIA Velcro Cable Tie	466
30357	3M Easy-Adjust Dual Monitor Arm-Dual Monitor Arm, Highly Adjustable, Black	466
29299	Fellowes Monitor Riser Premium - stand 8031001 -	466
17101	DoubleSight Displays DS-10STU USB Monitor Flex Arm	466
17101	DoubleSight Displays DS-30PHS Single Monitor Flex Arm, Delux	466
43042	Uniscope US828 TD-LTE Case Stand with Quick Camera Access Various Colors + NEXTDIA Velcro Cable Tie	466
22246	ALLSOP 27021 Metal Art Jr. TM Monitor Stand Pewter	466
2629	MoldingsOnline 3379636425 Riser, 36 x 7.5 x 0.75-Inch	466
22012	Nf 45-235-194 Extend LCD Arm	466
29299	Standard Monitor Riser Standard Monitor Riser	466
43042	Micromax A111 Canvas Doodle Case Stand with Quick Camera Access Various Colors + NEXTDIA Velcro Cable Tie	466
1726	5212 2GB/8FL ALL IN ONE WL HEIGHT ADJUSTABLE STAND	466
15042	Rosewill RHMS-13005 Spring Arm Supports Up to 30-Inch LCD Monitor (RHMS-13005)	466
43042	Micromax A113 Canvas Ego Case Stand with Quick Camera Access Various Colors + NEXTDIA Velcro Cable Tie	466
29299	Mead-Hatcher Stackable Monitor Riser, Stackable, Gray MAT21202 	466
18614	DoubleSight Dual Monitor Flex Stand, Up to 24-Inch Monitors DS-224STA 	466
22246	Z-Keyboard Stand, Hercules	466
43042	iGlo A909 Case Stand with Quick Camera Access Various Colors + NEXTDIA Velcro Cable Tie	466
18614	DoubleSight Dual Monitor Flex Stand, Up to 24-Inch Monitors DS-224STA	466
18614	Doublesight Monitor Stand DS-30H	466
22944	Manfrotto 1051BAC-3 6-Feet 9-Inches Alu Mini Compact Stand AC with 4 Section and 3 Risers, 3-Pack (Black)	466
29299	"MFG- MDL-Unkn17325 Buffing Arm 9""Length"	466
43042	Desktop.mon.portable Stand Kit	466
43042	Celkon A107 Case Stand with Quick Camera Access Various Colors + NEXTDIA Velcro Cable Tie	466
2820	Flat Panel Monitor Arm	466
43042	Gigabyte Gsmart Alto A2 Case Stand with Quick Camera Access Various Colors + NEXTDIA Velcro Cable Tie	466
20313	SIIG 13-Inch to 24-Inch Monitor Desk Stand Quad CE-MT1912-S1	466
29299	Fellowes Office Suites Monitor Riser Plus	466
27397	Dual Monitor Stand	466
29299	ESI Edge Series Dual Monitor Arm EDGE2 Silver	466
10736	Quad Monitor Stand	466
43042	Gionee Gpad G1 Case Stand with Quick Camera Access Various Colors + NEXTDIA Velcro Cable Tie	466
43042	Allview X1 Soul Case Stand with Quick Camera Access Various Colors + NEXTDIA Velcro Cable Tie	466
43042	THL T11 Case Stand with Quick Camera Access Various Colors + NEXTDIA Velcro Cable Tie	466
2629	MoldingsOnline 3386336425 Riser, 36 x 7.5 x 0.75-Inch	466
