16295	ASAP-LAMP293, Panasonic ET-LAD40W,Projector Lamp	514
28653	Epson 200W UHE Lamp	514
9730	Mwave Lamp for EPSON EMP-410WProjector Replacement with Housing	514
5810	Toshiba TLP-T70M TV Lamp with Housing with 150 Days Warranty	514
133	Dell Lamp For 1800Mp310-8290; 725-10106	514
30238	Hitachi CP-X3014WN OEM Replacement Lamp with Housing(All MOCP's lamps use Original Bulbs made by Philips or Osram...	514
133	Proj Lamp for Dell Notebooks	514
18651	RF Front End 2.4 GHz RF Front End 10 pieces	514
16295	Philips Lighting Boxlight 6000 Projector Lamp with Housing	514
6875	Compatible Toshiba RPTV Lamp, Replaces Part Number D42-LMP with Housing	514
11849	Lutema BL02390-14-L01 Fujitsu LCD/DLP Projector Lamp (Economy)	514
16357	Lg 6912V00006C TV Lamp with 150 Days Warranty	514
25945	Mwave Lamp for CHRISTIE 003-000884-01 Projector Replacement with Housing	514
37254	Sanyo N8le Main Unit - N8le	514
37254	SANYO - SANYO CRD-168PCH 8X CD ROM - CRD-168PCH	514
12271	Benq Lamp Mp711; Mp711C; Mp722; Mp7235J.	514
16295	Philips Lighting NEC NP101 Projector Lamp with Housing	514
25945	310-5027 Replacement Projector Lamp for	514
1519	Vivitek AN-PH50P2 OEM Replacement Lamp with Housing(All MOCP's lamps use Original Bulbs made by Philips or Osram...	514
34310	Powerwarehouse replacement lamp for Optoma EP716 200W 2000Hr with Free GP AAA Battery	514
16357	55vg825 compatible Hitachi TV lamp with Housing, 150 days warranty	514
16295	LifeCam Studio PL2	514
5810	Toshiba 50HMX96 TV Lamp with Housing with 150 Days Warranty	514
16357	UX25951 Hitachi 62VS69 TV Lamp	514
28653	Toshiba TLP-LT1A Projector Assembly with High Quality OEM Compatible Bulb Inside	514
28653	Epson 130W UHE Lamp	514
28653	Epson LAMP, POWERLITE S5/77C	514
7576	Voltage References Prec LDO Vtg Ref 5 pieces	514
28653	Epson LAMP, POWERLITE S7,79,W7,S7+,W7+,	514
35099	Adorama Lamp Unit with 50 watt Bulb and Legs for the De-Shadow Box, 3200k	514
42383	Dell 725-10003 Projector Assembly with High Qualit	514
31230	YODN Replacement With Housing For NEC NP3250G2 (NP06LP)	514
31065	Hitachi CP-HX1098 OEM Replacement Lamp with Housing(All MOCP's lamps use Original Bulbs made by Philips or Osram)	514
43545	Background Support & Light Stand Carrying Bag	514
43378	Toshiba TLP-LB2P Multimedia Projector Replacement Lamps	514
30010	Epson PowerLite 905 OEM Replacement Lamp with Housing(All MOCP's lamps use Original Bulbs made by Philips or Osram)	514
42835	HP L1621A Compaq Brand New High Quality Original Projector Bulb	514
12271	Arclyte Technologies PL03987 BENQ LAMP UHP; MS619ST; MX620ST	514
17892	BulbWorld F3+ XGA Projector Replacement Lamp With Housing for ProjectionDesign Projectors	514
16295	Philips Lighting BenQ PB7210 Projector Lamp with Housing	514
16357	52hmx95 compatible Toshiba TV lamp with Housing, 150 days warranty	514
5810	Christie LW25 TV Lamp with Housing with 150 Days Warranty	514
35585	Sony A-1811-292-a Main Unit - A-1811-292-a	514
1854	B&D DLP Lamp TY-LA1000 / Panasonic PT60LCX64 - 6 month warranty	514
12271	Benq Lamp Pe8720; W10000; W900059.J0B01	514
28653	EPSV13H010L58 - Epson Replacement Bulb for PowerLite S9 Multimedia Projector	514
16295	Fujitsu PA03586-K946 S1500 S1500M LAMP	514
28159	Dell Replacement Lamp	514
16357	UX21514 Hitachi 50VX915 TV Lamp	514
30010	Sharp XG-C355WA OEM Replacement Lamp with Housing(All MOCP's lamps use Original Bulbs made by Philips or Osram...	514
16295	Philips Lighting NEC NP1250 Projector Lamp with Housing	514
43555	Compatible Lamp OEM TLP-LV9 for use with Toshiba Projectors	514
25945	Lamp for projectors	514
41696	Electrified Replacement Lamp with Housing for PLUS Projectors - Lamp 4762 - 150 Day Electrified Warranty	514
16295	Philips Lighting ProjectionDesign Action! M1 Projector Lamp with Housing	514
36180	Crystal Housing Case/Shell Replacement with LED L	514
43028	FI Lamps Compatible Sony LMPC190 Lamp for the VPLCX86 and Other Projectors	514
21475	Toshiba TLP-L6 E-Series Replacement Lamp Toshiba TLP-L6 E-Series Replacement Lamp	514
40242	10GBASE-ER XFP 1550NM 40KM SMF LC	514
5810	Toshiba 75008204 TV Lamp with Housing with 150 Days Warranty	514
35099	USED TOSHIBA SSN325*MS ,SN325 COMMUNICATION PLC MODULE BQ	514
16357	60v500 compatible Hitachi TV lamp with Housing, 150 days warranty	514
16295	ServSwitch DT Server Cables for PS/2, 6-ft. 1.8-m	514
36912	Like For xiaomi Led and toothbrush smart creat lamp for computer beautiful on USB port supply power 5V input lampfree shipping	514
3006	Toshiba 16GB SDHC card made in Japan Class 10 TOSHIBA Class10 overseas package from parallel import goods	514
9223	Glovion Mini LED Bulb USB Powered Emergency Light Lamp for Power Bank and Any USB Standard Ports Red	514
16357	Toshiba Lamp Tlp-Wx100; Tlp-Wx200; Tlp-X	514
30010	Epson PowerLite 825 OEM Replacement Lamp with Housing(All MOCP's lamps use Original Bulbs made by Philips or Osram)	514
16295	Compaq Lamp Vp6300; Vp6310; Vp6310B; Vp6	514
16357	vp6100 compatible HP Projector lamp with Housing, 150 days warranty	514
12271	Arclyte Technologies PL03381 INFOCUS LAMP X15; X20; X21; X6; X7; X9;	514
43028	FI Lamps Compatible BL-FS200C - LAMP - WORKS WITH EP7155/TX7155/EP1691	514
16357	iq r350 compatible Barco Projector lamp with Housing, 150 days warranty	514
28653	Epson Projector Lamp Fan - BFB04512HHA	514
17590	Toshiba TDP-TW90U OEM Replacement Lamp with Housing(All MOCP's lamps use Original Bulbs made by Philips or Osram...	514
17892	BulbWorld TLP-T600 Projector Replacement Lamp With Housing for Toshiba Projectors	514
18835	Electrified Replacement Lamp with Housing for Projection Design Projectors - Lamp 4139 - 150 Day Electrified Warranty...	514
1361	LMY034 Replacement Bulb for DELL	514
12271	Arclyte Technologies PL03421 BENQ LAMP MS614; MS615; MX613ST; MX613ST	514
16295	Philips Lighting ProjectionDesign F30 SX+ Projector Lamp with Housing	514
5810	Hitachi CP-X958E TV Lamp with Housing with 150 Days Warranty	514
26096	Voltage References uPower Low-Dropout Voltage Ref	514
31065	Benq MP612 OEM Replacement Lamp with Housing(All MOCP's lamps use Original Bulbs made by Philips or Osram)	514
25945	Lamp for projectors	514
16357	RT5318-0220W-B30R-S03 Fan for MITSUBISHI spindle motor used 90 days warranty	514
16295	Philips Lighting HP XB31 Projector Lamp with Housing	514
16295	Philips Lighting Acer X1130 Projector Lamp with Housing	514
31065	Selected Lamp for IN122 and IN124 By InFocus	514
16295	Ideastream FT07069 Hanging CD Pages, 15/Pack	514
43592	Hitachi - Replacement Lamp and Filter for CP-X809	514
42835	Brand New Ge 600-1032-95r Wireless 4-button Keychain Touchpad, Remote Keyfob	514
16357	46hm84 compatible Toshiba TV lamp with Housing, 150 days warranty	514
15253	FL Droplight Lamp 1 Light Modern Transparent Metal and Crystal , 220-240V	514
28653	Epson LAMP, POWERLITE S3	514
17892	BulbWorld TDP-P9 Projector Replacement Lamp With Housing for Toshiba Projectors	514
30010	Epson ELPLP12 OEM Replacement Lamp with Housing(All MOCP's lamps use Original Bulbs made by Philips or Osram)	514
16357	50v720 compatible Hitachi TV lamp with Housing, 150 days warranty	514
30736	Original Nite Tritium Lamp Glowring keyring - NEW Clear Case - illuminates for up to ten years - Glow Green	514
41696	Electrified Replacement Lamp with Housing for Compaq Projectors - Lamp 4689 - 150 Day Electrified Warranty	514
1361	Toshiba 56MX195 Replacement TV Lamp Original Philips / Osram Bulb Inside with Housing by KCL	514
28159	Powerwarehouse Dell 725-10203 Lamp - Premium Powerwarehouse Replacement Lamp QTY 2	514
5810	D95-LMP Toshiba 52HM85 TV Lamp	514
16295	Philips Lighting Sony KF60XBR800 Lamp with Housing XL2000	514
17892	BulbWorld LCT50HV Lamp with Housing for Olevia TV	514
28159	Powerwarehouse Dell 1610HD Lamp - Premium Powerwarehouse Replacement Lamp	514
9223	BEAUTIFUL STAR SKY STARRY NIGHT COSMOS PROJECTOR LIGHT LAMP CHILDREN GIFT BLACK EQC087	514
12271	Arclyte Technologies PL03064 Epson Lamp EB-1735W; EB-S10; EB-S9; EB-S	514
12271	Arclyte Technologies PL03315 TOSHIBA LAMP TDP-T360; TDP-T360U; TDP-T4	514
28653	Epson V13H010L29 Lamp - Epson - For Powerlite S1+/Home10+	514
9223	USB Clip 3 LED Light Lamp Eye Protective Lamp For Notebook PC	514
42383	Dell Projector Lamp 310-6747	514
40946	eWorldlamp High Quality ACER Projector Original Bulb/Lamp EC.J4401.001 Compatible for ACER PH530	514
133	e-Replacements -Compatible lamp for Epson	514
25945	GloWatt TLP-LV3 / 75016606 Projector Replacement Lamp With Housing for Toshiba Projectors	514
12271	Arclyte Technologies PL03029 HITACHI LAMP 50VF820; 50VG825; 50VS810A;	514
16295	Philips Lighting Infocus C410 Projector Lamp with Housing	514
16295	Philips Lighting 169029 25 Watt G25 DuraMax Globe	514
16295	Philips Lighting 3D Preception Action! M2 Projector Lamp with Housing	514
16295	Philips Lighting Samsung HL-N5065W1X/XAA HLN5065W1X/XAA Bare Lamp BP96-00224J	514
41696	RF SOLUTIONS - ALPHA-TX433S - RF MODULE, TRANSMITTER, FSK, 433MHZ, 256KBPS	514
28653	Epson 200W UHE Lamp. 3000HRS ECO/2000HRS STD 200W REPL LAMP POWERLITE 81P/61P/821P PJ-LMP. 200W UHE - 2000 Hour	514
17892	BulbWorld RoadRunner LX77 Projector Replacement Lamp With Housing for Christie Projectors	514
28653	Superbat High Gain 16dBi 2.4GHz Wifi Yagi Antenna with RP-SMA Male Connector For 802.11b/g	514
33231	ZCL Ableto LSH-A34 LED Screen Sun Shade and Protector for Canon 700D/650D/600D	514
30010	Epson EMP-83C OEM Replacement Lamp with Housing(All MOCP's lamps use Original Bulbs made by Philips or Osram)	514
9223	Novelty items Daren waves LED oceans star Projector with MP3 Music Speaker, USB desk table night light Lamp	514
31230	YODN Replacement With Housing For EPSON EH-TW3500 (ELPLP49)	514
12271	Arclyte Technologies PL03382 INFOCUS LAMP C447; C500; IN5102; IN5106S	514
16295	Supervisory Circuits ANA 2.93V MCROPROC RESET (5 pieces)	514
17892	BulbWorld 72MX195 Lamp with Housing for Toshiba TV	514
28653	Epson PowerLite Pro Z8000WUNL Cage High Quality Genuine Original Ushio Bulb	514
25945	GloWatt TLP-L78 / 75016587 Projector Replacement Lamp With Housing for Toshiba Projectors	514
5810	Toshiba Y67-LMP TV Lamp with Housing with 150 Days Warranty	514
133	Proj Lamp for Dell 3300MP	514
42835	HP L1551A Projector Lamp	514
16357	UX21511 Hitachi UX21511 TV Lamp	514
28159	Powerwarehouse Epson EMP-TW680 Lamp - Premium Powerwarehouse Replacement Lamp	514
16295	Philips Lighting Eiki LC-SM2 Projector Lamp with Housing	514
42835	HP Projector Lamp	514
31065	Hitachi CP-S225WA OEM Replacement Lamp with Housing(All MOCP's lamps use Original Bulbs made by Philips or Osram)	514
16295	Polycom PY-2200-30900-025 SoundStation IP 5000 PoE	514
35852	e-Replacements Genuine Proj Lamp for Dell 4100MP	514
9223	E14led small screw single light pair of Sony memory stick USB energy saving lamp Crystal cover 516	514
31065	Acer America EC.J0501.001 OEM Replacement Lamp	514
37303	Replacement Bulb for PowerLite Multimedia Projectors, 190 Watts	514
25945	e-Replacements, Proj Lamp for Dell 3300MP (Catalog Category: Projectors / Lamps)	514
12271	Arclyte Technologies PL03169 156W HP LAMP	514
43555	Compatible Lamp Compatible AN-MB70LP-ER for use with Sharp Projectors	514
16357	TV Lamp 915B441001 for MITSUBISHI PC, Personal Computer	514
28159	DELL REPLACEMENT LAMP FOR 5100MP [468-8991]	514
25945	GloWatt VT77LP Projector Replacement Lamp With Housing for NEC Projectors	514
16357	d95-lma compatible Toshiba TV lamp with Housing, 150 days warranty	514
6875	Christie Digital Systems 03-900520-01P LAMP, CHRISTIE DS+60, DW30 300W P-VIP	514
30010	Sharp BQC-XGP20X//1 OEM Replacement Lamp with Housing(All MOCP's lamps use Original Bulbs made by Philips or Osram...	514
5810	Pureglare 72514011,75008204,Y66-LMP,Y67-LMP TV Lamp for Toshiba 50HM16,50HM66,50HM67,50HMX96,56HM16,56HM66,56HMX96,57HM117,57HM167,65HM117,65HM167	514
41696	Electrified Replacement Lamp with Housing for Optoma Projectors - Lamp 4201 - 150 Day Electrified Warranty	514
43555	VT85LP Compatible Lamp for Nec VT490	514
25945	Lamp module for NEC WT610/WT61LPE Projectors. Type = NSH, Power = 275 Watts, Alt part code = WT61LPE. Now with 2 years FOC warranty.	514
25945	Replacement Lamp for Acer X1160 .	514
42835	L1809A HP MP2215 Projector Lamp	514
35099	Oem Replacement Lamp Toshiba TLP-LV8	514
6887	BulbWorld VT580 Projector Replacement Lamp With Housing for NEC Projectors	514
17892	BulbWorld 310-3836 / 730-11487 Projector Replacement Lamp With Housing for Dell Projectors	514
37392	ACER Acer Ec.Jbg00.001 Replacement Lamp - 2500 Hrs.Standard,4000 Hrs.Economy /Expected Life Ec.Jbg00.0	514
7576	Thermal Interface Products Q-PAD PWR MOD .005 2.50x2.00 500 pieces	514
16295	RayBiotech Goat Anti-Pig IgG H&L [+HRP], 2ml 127-10451	514
26134	Epson V13H010L28 OEM Replacement Lamp with Housing(All MOCP's lamps use Original Bulbs made by Philips or Osram...	514
28159	Powerwarehouse Dell 725-10229 Lamp - Premium Powerwarehouse Replacement Lamp QTY 2	514
42383	330-6581 DELL 1610X Projector Lamp	514
16295	Philips Lighting NEC NP200 Projector Lamp with Housing	514
25447	BoxWave iPad mini with Retina Crystal Shell - Slim-Fit Ultra Lightweight Transparent Polycarbonate Clear iPad mini with Retina Hard Shell Case - LIFETIME WARRANTY - Crystal Clear	514
16357	50v500 compatible Hitachi TV lamp with Housing, 150 days warranty	514
30010	Replacement Lamp S7 79 W7 S7 W7 WEX31 EX51 EX71 by Epson	514
26544	55030085EF BARCO High End DL3 Projector Lamp	514
7576	LDO Voltage Regulators ANA 100mA 3V LDO VREG 5 pieces	514
28653	Epson LAMP, POWERLITE 6110I	514
31230	YODN Replacement With Housing For INFOCUS C60 (SP-LAMP-LP2E)	514
16357	52hm94 compatible Toshiba TV lamp with Housing, 150 days warranty	514
28653	Epson LAMP, POWERLITE S3	514
16295	Philips Lighting Infocus M-800 Projector Lamp with Housing	514
40878	PC Notebook Reading Lamp Light 14 White LED w. Fan	514
17590	Toshiba TLP-791U OEM Replacement Lamp with Housing(All MOCP's lamps use Original Bulbs made by Philips or Osram...	514
133	e-Replacements - Dell Projector Lamp	514
24534	Nec 7a250633 Main Board - 7a250633	514
28653	ASAP-LAMP322, EPSON ELPLP49,Projector Lamp	514
25945	Mwave Lamp for CHRISTIE 003-000884-01Projector Replacement with Housing	514
26134	Epson V13H010L31 OEM Replacement Lamp with Housing(All MOCP's lamps use Original Bulbs made by Philips or Osram...	514
40878	4.5W LED Super White Car Driving Lamp w/Cable (Black)	514
16295	PT# 8870 PT# # 8870- Absorbant Carbon Dioxide Sodasorb 1.3L Pre-Pak Disc Ns E...	514
12271	Arclyte Technologies PL03315 TOSHIBA LAMP TDP-T360; TDP-T360U; TDP-T4	514
1361	DELL REPLACEMENT LAMP FOR 1410X / 468-8979 /	514
31230	YODN Replacement With Housing For NEC NP300+ (NP07LP)	514
41696	Electrified Replacement Lamp with Housing for Anders Kern Projectors - Lamp 4711 - 150 Day Electrified Warranty	514
16357	62hmx95 compatible Toshiba TV lamp with Housing, 150 days warranty	514
133	e-Replacements 310-5027-ER Proj Lamp for Dell 3300MP	514
25945	Dr Zhivago Omar Sharif Julie Christie 8x10 Photo K7634	514
1361	Ibm 31P9928 Replacement Projector Lamp Original Philips / Osram Bulb Inside with Housing by KCL	514
25945	GloWatt TLP-LV9 / 75016687 Projector Replacement Lamp With Housing for Toshiba Projectors	514
25945	"Nec Display Solutions Replacement Lamp For Np61 And Np62 Projectors ""Product Category: Monitor / Display / Projector/Accessory"""	514
133	Panasonic Sa Lamp Xp57l (etslmp101) -	514
5724	TLP-LD2 Replacement Bulb for TOSHIBA	514
37254	6102658828 Sanyo SANYO 6102658828	514
26096	Voltage References Intrf Shunt Ref Bi 200mA 36V 2.495V	514
17892	BulbWorld TDP-T360 Projector Replacement Lamp With Housing for Toshiba Projectors	514
28653	Compatible lamp for Epson ELPLP60-ER -	514
17017	Electrified Replacement Lamp with Housing for Anders Kern Projectors - Lamp 4710 - 150 Day Electrified Warranty...	514
42383	Dell Projector Lamp 730-11230	514
42835	L1809A HP MP2210 Projector Lamp	514
16295	Arteriors 49604-600 Fargo Lamp	514
25945	Lamp module for NEC NP41/NP52 Projectors. Type = UHP, Power = 200/150 Watts, Lamp Life = 2500 Hours, Alt part code = NP08LP. Now with 2 years FOC warranty.	514
28653	Epson V13H010L37 Projector Assembly with OEM Compatible Bulb Inside	514
40878	niceEshop(TM) 9W 720lm E27 Emergency LED 6500K Cool White Light Lamp Bulbs(White)	514
16357	l1624a compatible HP Projector lamp with Housing, 150 days warranty	514
12271	Arclyte Technologies PL03319 TOSHIBA LAMP TDP-T250; TDP-T250U; TDP-TW	514
31230	YODN Replacement With Housing For EPSON EMP-X3 (ELPLP34)	514
5810	Epson PT-FDW635 TV Lamp with Housing with 150 Days Warranty	514
16295	Compaq Lamp Mp4800L1561A; L90	514
28653	Panasonic PT-DW5000E Multimedia Video Projector OEM Compatible Twin-Pack Bulbs	514
35099	Toshiba T2500	514
44595	Hp L1709A Projector Lamp	514
16295	Philips Lighting Toshiba TLP-781 Projector Lamp with Housing	514
21895	E14 to B22 Light Lamp Bulbs Adapter Converter	514
23773	PLANAR Factory Original Replacement BULB ONLY for PR2020 Projectors	514
31065	Gene Wilder Jill Clayburgh Original 8x10 photo H2550	514
1361	Bulb For DELL 1410X, 725-10196	514
12271	Arclyte Technologies PL02666 ACER LAMP XD1280; XD1280DEC.J4301.001	514
16295	Philips Lighting ProjectionDesign F1 Projector Lamp with Housing	514
43555	Compatible Lamp Compatible NP07LP-ER for use with NEC Projectors	514
133	Proj Lamp for Dell 1201MP	514
16295	Philips Lighting BenQ MP623 Projector Lamp with Housing	514
16357	ux21514 compatible Hitachi TV lamp with Housing, 150 days warranty	514
25945	Replacement Projector Lamp TLPL6 TLP-L6	514
16295	Philips Lighting Infocus LP130 Projector Lamp with Housing	514
31224	BTI- Battery Tech. 310-6472-BTI Proj Lamp for Dell 1100MP	514
28653	Epson ELP-LP13 Projector Assembly with High Quality OEM Compatible Bulb	514
12271	Benq Lamp Mp711; Mp711C; Mp722; Mp7235J	514
35585	Toshiba 75023587 Main Unit - 75023587	514
16295	Philips Lighting Boxlight CP-19T Projector Lamp with Housing	514
1584	FI Lamps Compatible Panasonic ET-LAM1 Projector Assembly with High Quality OEM Bulb	514
133	Proj Lamp for Dell 4100MP	514
21475	Toshiba TLP-LB1 E-Series Replacement Lamp	514
30010	Epson EMP-5600 OEM Replacement Lamp with Housing(All MOCP's lamps use Original Bulbs made by Philips or Osram)	514
37392	V7 330 W Replacement Lamp for NEC NP1150, NP1200, NP1250 Replaces Lamp 60002234 - GV0623	514
28653	Epson Projector Lamp Fan - SF5020RH12-56PE	514
12271	Arclyte Technologies PL04017 BARCO LAMP NSHA; PHWU-81B; PHWX-81B; PHX	514
16295	Gorilla Glue for the Toughest Jobs on Planet Earth Plus Bonus Gorilla Super Glue	514
16357	Battery Technology Lamp For Toshiba Tlp-x4500 Tlp-x4500u Tlplx45	514
28653	Epson Powerlite 1810 Projector Assembly with High Quality OEM Compatible Bulb Inside	514
9730	Mwave Lamp for EPSON PT-FDW635Projector Replacement with Housing	514
25945	ePharos Lamp for Dell 4100MP 310-4747, 730-11230, and R3135 Projectors	514
28653	Epson LAMP, POWERLITE S7,79,W7,S7+,W7+,	514
5810	Epson CINEMA 200+ TV Lamp with Housing with 150 Days Warranty	514
18835	Electrified Replacement Lamp with Housing for Acer America Projectors - Lamp 4753 - 150 Day Electrified Warranty...	514
12271	Arclyte Technologies PL02425 CANON LAMP DXL 5015; LV-X5; VT37; VT47;	514
6875	Adesso 5098-01 Goliath Arc Lamp, Black	514
8320	Toshiba - EXC-T503 - 3 meter cable	514
7316	Crystal Technology BG-41 Handheld UV Lamp, AC Operated, 365/254 nanometer Wavelength, 100V AC/60 Hz	514
31065	PHOTO Original C096 Pat Michon I Passed For White	514
5724	F3+ SX+ Replacement Bulb for PROJECTIONDESIGN	514
16295	Philips Lighting Epson PowerLite 835P Projector Lamp with Housing	514
16357	TGASF002080A-J HP ID5226N TV Lamp	514
16295	Philips Lighting BenQ DX660 Projector Lamp with Housing	514
31065	Acer PD100D OEM Replacement Lamp with Housing(All MOCP's lamps use Original Bulbs made by Philips or Osram)	514
26242	HQRP KIT: 2 PCS External GPS Antennas for iFinder Expedition C 112-86 / iFinder Explorer 112-84 / iFinder H20 112-15 / iFinder H2O C 112-67 Antenna Replacement plus HQRP UV Meter	514
43555	Compatible INFOCUS SP-LAMP-057 LAMP IN2112 IN2114 IN2116	514
25945	GloWatt 330-6581 / KFV6M Projector Replacement Lamp With Housing for Dell Projectors	514
25945	GloWatt 003-120181-01 Projector Replacement Lamp With Housing for Christie Projectors	514
30010	Sharp XG-C350X OEM Replacement Lamp with Housing(All MOCP's lamps use Original Bulbs made by Philips or Osram)...	514
41696	Electrified Replacement Lamp with Housing for A+K Projectors - Lamp 4681 - 150 Day Electrified Warranty	514
16357	52hmx85 compatible Toshiba TV lamp with Housing, 150 days warranty	514
21475	Toshiba D95-LMP E-Series Replacement Lamp	514
16295	Ships Port Oil Lamp	514
12271	Arclyte Technologies PL03455 ACER LAMP P7200IEC.K2400.001	514
12271	InFocus SP-LAMP-087 LAMP FOR IN122-6A IN124-6STA & AND IN2124-6A	514
16357	lc37 compatible Hitachi TV lamp with Housing, 150 days warranty	514
16295	Philips Lighting 3D Preception Action! M2 Projector Lamp with Housing	514
5810	Acer 7753C TV Lamp with Housing with 150 Days Warranty	514
31230	YODN Replacement With Housing For EPSON EMP-732 (ELPLP32)	514
28159	Powerwarehouse Dell 1610HD Lamp - Premium Powerwarehouse Replacement Lamp QTY 2	514
16357	ux21517 compatible Hitachi TV lamp with Housing, 150 days warranty	514
16357	Ereplacements DT00691-ER Lamp Compatible with Hitachi	514
31230	YODN Replacement With Housing For EPSON EMP-1700 ELPLP38	514
16357	62hm15a compatible Toshiba TV lamp with Housing, 150 days warranty	514
4229	Osram RPTV Lamp for Toshiba 23311153A D-95	514
36912	Doc.Royal 10W Wireless Cordless LED Curing Light Cure Lamp 1200mw Silver Color	514
17892	BulbWorld TLP-4 Projector Replacement Lamp With Housing for Toshiba Projectors	514
16295	Philips Lighting BenQ MT700 Projector Lamp with Housing	514
28653	Epson EMP-703 Projector Assembly with High Quality OEM Compatible Bulb	514
28653	Epson Lamp BrightLink 450wi	514
16295	Philips Lighting Davis PowerBeam I Projector Lamp with Housing	514
37392	v7 projectors vpl1372-1n 200w repl lamp fr ec.j2302.001 fits acer pd115 ph112 dell 1200mp	514
28653	Epson LAMP, POWERLITE S7,79,W7,S7+,W7+,	514
5810	Hp L2114-80001 TV Lamp with Housing with 150 Days Warranty	514
30010	Sharp XJ-C40 OEM Replacement Lamp with Housing(All MOCP's lamps use Original Bulbs made by Philips or Osram)	514
28653	Epson 130W UHE Lamp	514
16357	50v710 compatible Hitachi TV lamp with Housing, 150 days warranty	514
28653	Epson Powerlite 1815P Projector Assembly with High Quality OEM Compatible Bulb Inside	514
43555	Premium Power Products 23311083A-Er Rptv Lamp For Toshiba R Dlp Tvs; Replaces 23311083A Tb-25 & Tb25-Lmp	514
12271	Benq Lamp Mx815St; Mx816St5J.J7C05.001	514
37392	Lamp module for NEC VT770, VT77LP Projectors. Type = NSH, Power = 200 Watts, Lamp Life = 2000 Hours, Alt part code = VT77LP. Now with 2 years FOC warranty.	514
25945	Lamp for projectors	514
25945	Lamp module for NEC LT75/150Z/LT51 Projector. Type = NSH, Power = 135 Watts, Lamp Life = 1000 Hours, Alt part code = LT51LP. Now with 2 years FOC warranty.	514
6875	Compatible Hitachi RPTV Lamp, Replaces Model 60VS69 with Housing	514
31230	YODN Replacement With Housing For A+K AstroBeam X20 SP-LAMP-003	514
12271	Benq Lamp Mx717Mx717-Lamp	514
28653	Compatible Epson S020187 black 3 pieces and S20193 color 2 pieces	514
42835	60.J3503.CB1 HP VP6110 Projector Lamp	514
12271	Arclyte Technologies PL03008 BARCO LAMP SIM-7; SIM-7D; SIM-7H; SIM-7Q	514
41696	Electrified Replacement Lamp with Housing for Sanyo Projectors - Lamp 4243 - 150 Day Electrified Warranty	514
25945	GloWatt NP18LP / 60003259 Projector Replacement Lamp With Housing for NEC Projectors	514
12271	Arclyte Technologies PL03829 TOSHIBA LAMP NPW20B; NPX20BPA5040L	514
133	DELL 2400MP REPLACEMENT PROJ LAMP (BTI310-7578-BTI) - by BTI	514
12271	Arclyte Technologies PL03664 PLANAR LAMP PD7170997-5353-00	514
24534	High Quality Kids Chalk Black Board with 6 Chalks and Duster	514
31230	YODN Replacement With Housing For EPSON EH-TW450 (ELPLP54)	514
16295	Philips Lighting 3M MP8755 Projector Lamp with Housing	514
1584	Panasonic PT-61LCX16 TV Lamp replacement with High Quality Bulb Inside	514
39772	Awo-Lamps EC.K3000.001 Original Projector Bare Bulb/Lamp Compatible for ACER X1110 X1110A X1210 X1210K X1210S Warranty	514
40878	Cutequeen Trading 2PCS Blue 3528 18SMD 18-SMD LED Panel Dome Light Lamp + T10 BA9S Festoon Adapter pack of 2	514
28653	Epson EW-TW6000W Projector Assembly with High Quality OEM Compatible Bulb	514
12271	Arclyte Technologies PL03464 ACER LAMP X1213; X1213PEC.JBJ00.001	514
16357	Toshiba Lamp Tdp-S20; Tdp-S20B; Tdp-S20U	514
43555	Compatible Lamp Compatible SP-LAMP-LP1-ER for use with IBM Projectors	514
35099	V7 VPL1502-1N TOSHIBA LAMP FOR TLPLW11 TOSHIBA TLP X2000 TLP-X2500	514
16357	l1720a compatible HP Projector lamp with Housing, 150 days warranty	514
16357	Compatible LAMP040, HP L1709A, projector Lamp	514
37303	Epson Replacement Bulb for Powerless 83C/882C Multimedia Projectors, 170 Watts	514
12271	Arclyte Technologies PL02986 ACER LAMP X110; X1161; X1161-3D; X1161A;	514
28653	Epson Projector Lamp Fan - EB-1720, EB-1723, EB-1725, EB-1730W, EB-1735W	514
16295	AC DELCO PC168 BULB-FRT S/D CTSY LAMP ASM PC168 *	514
1361	Ibm 33L3456 Replacement Projector Lamp Original Philips / Osram Bulb Inside with Housing by KCL	514
16295	Philips Lighting Dukane ImagePro 8758 Projector Lamp with Housing	514
28653	Epson Epson Epson Replacement Lamp Compatible With Epson Powerlite 53c And 73c	514
26096	Voltage References uPower 1.8V Low-Drop Voltage Ref	514
12271	Smart Board Lamp 600I; 660I; 680I; Uf35;	514
31065	Philips WhiteVision 4300K Halogen Bulbs Xenon Effect (H1 Single Pack)	514
16295	Philips Lighting Samsung HL-S6767W HLS6767W Bare Lamp BP96-01472A	514
3977	Christie 003-102119-01 Cage High Quality Genuine Original Osram P-VIP Bulb	514
25945	Lamp for Christie	514
8065	Mwave Lamp for NEC LT156GProjector Replacement with Housing	514
26544	Barco R98-29295 OEM Replacement Lamp	514
12271	Arclyte Technologies PL03420 ACER LAMP EY.JDP05.002; X1111; X1111A; X	514
39772	EC.JC900.001 Original Projector Bare Bulb/Lamp Compatible for ACER S5201 S5201B S5301WB T111 PS-X11 T111E PS-X11K T121E PS-W11K 150Day Warranty	514
43555	Compatible Lamp Compatible POA-LMP68-ER for use with Sanyo Projectors	514
25945	Replacement DLP Projector DMD Chip Board 8060-6328W 8060-6329W 8060-6338W For Mitsubishi Toshiba DELL VIVITEK	514
28653	EPSON Epson V13h010l60 Replacement Lamp Powerlite 92, 93,95, 96W, 905 - Elplp60	514
26134	Epson V13H010L07 OEM Replacement Lamp with Housing(All MOCP's lamps use Original Bulbs made by Philips or Osram...	514
33231	Ableto LSH-A60 LED Screen Sun Shade and Protector for Canon SX150/SX220/SX230/G12	514
31230	YODN Replacement With Housing For INFOCUS LP70+ SP-LAMP-003	514
17892	BulbWorld 62HMX84 Lamp with Housing for Toshiba TV	514
16357	56hm195 compatible Toshiba TV lamp with Housing, 150 days warranty	514
25945	GloWatt MT60LPS Projector Replacement Lamp With Housing for NEC Projectors	514
6875	Compatible Dell Projector Lamp, Replaces Model M410X with Housing	514
33231	SOL Ableto LSH-A34 LED Screen Sun Shade and Protector for Canon 700D/650D/600D	514
31230	YODN Replacement With Housing For EPSON EX50 (ELPLP41)	514
1361	HQRP 15V 150W MR16 Shape GZ6.35 Base Halogen Lamp Bulb for Fuji Optical Intraoral Imaging DentaCam 100 DentaCam 2 / DentaCam 50 EFR Replacement plus HQRP Coaster	514
39772	Awo-Lamps EC.JBJ00.001 Original Projector Bare Bulb/Lamp Compatible For ACER X1213 150Day Warranty	514
12271	Arclyte Technologies PL03291 TOSHIBA LAMP TLP-790; TLP-791TLPL79	514
28653	Epson ELP-LP21 Projector Assembly with High Quality OEM Compatible Bulb	514
25945	GloWatt TLP-LMT8 Projector Replacement Lamp With Housing for Toshiba Projectors	514
28159	Powerwarehouse Dell S500wi Lamp - Premium Powerwarehouse Replacement Lamp	514
37392	NEC - NP09LP - Nec, Spare Part, Lamp For Np61/62 And Np64 Projectors	514
25945	GloWatt 03-000648-01P Projector Replacement Lamp With Housing for Christie Projectors	514
4847	3Com 3CXFP94 10GBASE-SX XFP, 850NM, MMF 300M, LC	514
16357	UX21514 Hitachi 60VS810 TV Lamp	514
37254	Sanyo Z6sp Main Unit - Z6sp	514
37450	esfp, 1310nm, 40km, lc	514
12271	Arclyte Technologies PL02734 NEC LAMP M300WS; M350XS; M420XG; M420XVG	514
5810	Toshiba 62HM84 TV Lamp with Housing with 150 Days Warranty	514
5810	Toshiba Y66-LMP TV Lamp with Housing with 150 Days Warranty	514
31065	Acer America EC.J0301.001 OEM Replacement Lamp	514
43555	Compatible Lamp Compatible SP-LAMP-028-ER for use with InFocus Projectors	514
16295	Philips Lighting ProjectionDesign Action! M1 MKII Projector Lamp with Housing	514
28653	Epson 8200i Projector Assembly with High Quality OEM Compatible Bulb	514
16295	Philips Lighting Infocus LP630 Projector Lamp with Housing	514
30736	Original Nite Tritium Lamp Glowring keyring - NEW Clear Case - illuminates for up to ten years - Glow Pink	514
16295	Philips Lighting Eiki PLC-XU20 Projector Lamp with Housing	514
25945	Rangeolamps TLP-LW15 replacement projector Lamp With Housing For TOSHIBA TDP-EX20U	514
28653	Epson - Epson 170W UHE Projector Lamp	514
37254	Sanyo Z6sr Main Unit - Z6sr	514
12271	Acer Lamp P1203; P1303Wec.K1700.001	514
43028	FI Lamps Compatible LT35LP Lamp with Housing for NEC LT35 LT37 Projectors	514
9223	black beautiful romantic star sky starry night cosmos projector shiny light lamp EQC087	514
7576	LDO Voltage Regulators ANA 100mA 3V LDO VREG 50 pieces	514
37254	USED SANYO DENKI SDC-203-9006 D/A CONVERTER	514
28653	Epson LAMP, POWERLITE S5/77C	514
41696	Electrified Replacement Lamp with Housing for Sanyo Projectors - Lamp 4669 - 150 Day Electrified Warranty	514
12271	IBM 4.3GB ULTRA SCSI HARD DR 50 PI **Refurbished**, 76H4615 **Refurbished**	514
25945	GloWatt 003-120504-01 / 610 343 5336 Projector Replacement Lamp With Housing for Christie Projectors	514
16295	Philips Lighting BenQ MP776 Projector Lamp with Housing	514
44160	Rangeolamps Y196-LMP replacement TV Lamp With Housing For TOSHIBA 62HM196	514
31065	Toshiba TDP-SW20 OEM Replacement Lamp with Housing(All MOCP's lamps use Original Bulbs made by Philips or Osram)	514
16295	Philips Lighting Infocus LP540 Projector Lamp with Housing	514
26612	Epson Replacement Bulb for PowerLite 6P and 81P Projectors	514
28653	Epson 132W UHE Lamp	514
35585	Sony 1-789-713-21 Main Unit - 1-789-713-21	514
16342	Ctlamp LMP-M130 Bulbs for VPD-MX10 Compatible Lamp	514
28653	Rplmnt Lamp Mod Powerlite 84 85 825 826W V13H010L50 -	514
12271	Arclyte Technologies PL03369 INFOCUS LAMP C170; C175; C185; COMPACT	514
16295	Philips Lighting Philips LCA3111 Projector Bare Replacement Lamp	514
133	Proj Lamp for Dell 1201MP	514
16295	Philips Lighting Toshiba TLP-T401 Projector Lamp with Housing	514
30238	Hitachi CP-X3011N OEM Replacement Lamp with Housing(All MOCP's lamps use Original Bulbs made by Philips or Osram...	514
12271	Arclyte Technologies PL03054 170W EPSON LAMP	514
43555	Compatible Lamp OEM UX21511 for use with Hitachi RPTVs	514
16295	Blueskysea Free Gift Keychain + Godox DE-300 DE300 220V 300W Compact Flash Strobe Studio Lighting Head Bowens Mount	514
15253	YULIN Droplight Lamp 1 Light Modern Transparent Metal and Crystal , White	514
133	Proj Lamp for Dell 4100MP by eReplacements	514
31230	YODN Replacement With Housing For EPSON EH-TW420 (ELPLP41)	514
16357	The Best TOSHIBA LAMP TDP-T250J; TDP-TW300JTLPLW2	514
5115	White 6 Inches CCFL Cold Cathode Car Computer Light Lamp, 2-Pack	514
41696	Electrified Replacement Lamp with Housing for Christie Digital Projectors - Lamp 4213 - 150 Day Electrified Warranty...	514
34269	Datastor PA-000068 TOSHIBA LAMP P/N: TLP-L55 REPLACEMENT WITH OEM BULB INSIDE	514
25945	Projector Lamp for Christie LX34 250-Watt 2000-Hrs UHP	514
133	DELL LAMP FOR 4100MP310-4747; 730-11230; R3135 PL02556 -	514
133	Dell - Projector lamp - 260 Watt - 2000 hour s - for Dell 2400MP 468-8985 -	514
28653	Epson ELP-LP11 Projector Assembly with High Quality OEM Compatible Bulb	514
35585	Toshiba 75028869 Main Unit - 75028869	514
31065	Christie 003-120188-01 OEM Replacement Lamp with Housing(All MOCP's lamps use Original Bulbs made by Philips or Osram)	514
5810	Acer PD726W TV Lamp with Housing with 150 Days Warranty	514
16295	260962 Planar Clarity Margay Projector Lamp	514
28653	EPSON ELPLP50, V13H010L50 diamond lamp	514
16357	46hmx85 compatible Toshiba TV lamp with Housing, 150 days warranty	514
28653	Sharp XV-Z201 Projector Assembly with OEM Compatible Bulb Inside	514
31340	Arclyte Technologies PL03292 TOSHIBA LAMP TLP-B2; TLP-B2C; TLP-B2E; T	514
31065	Nec MT1055 OEM Replacement Lamp with Housing(All MOCP's lamps use Original Bulbs made by Philips or Osram)	514
31230	YODN Replacement With Housing For EPSON EMP-TW5500 ELPLP49	514
28159	Powerwarehouse Dell S300wi Lamp - Premium Powerwarehouse Replacement Lamp	514
133	Proj Lamp for Dell 5100MP	514
34269	HQRP 2-Pack 12V 100W MR16 Shape GZ6.35 Bi-Pin Base Halogen Lamp Bulb for Photo America Carena 600Z Replacement plus HQRP Coaster	514
16295	MK2A PCB Heatbed Heat Bed For 3D Printer RepRap Prusa MendelFree Shipping	514
12271	Arclyte Technologies PL03042 LAMP FOR EPSON EMP-S1, EMP-TW10, POWERLI	514
16357	m410x compatible Dell Projector lamp with Housing, 150 days warranty	514
25945	GloWatt EC.K0100.001 Projector Replacement Lamp With Housing for Acer Projectors	514
28653	Epson 3000 Hours Replacement Lamp, V13H010L41	514
12271	Arclyte Technologies PL02891 BENQ LAMP MP615P; MP625P5J.J2S05.001	514
16295	Sun System Sun Stand Lamp	514
31065	Benq PB6210 OEM Replacement Lamp with Housing(All MOCP's lamps use Original Bulbs made by Philips or Osram)	514
133	e-Replacements - Proj Lamp for Dell 3300MP	514
35099	Toshiba PA3922U-1ACA AC-adapter 30 watt original	514
31065	Christie LX34 OEM Replacement Lamp with Housing(All MOCP's lamps use Original Bulbs made by Philips or Osram)	514
37254	109P0912H201 Sanyo Denki DC Mini Ace 32	514
16295	Philips Lighting Samsung HL-S6167W HLS6167W Lamp with Housing BP96-01472A	514
35585	Sony A-1547-026-a Main Unit - A-1547-026-a	514
9730	Philips Lighting for Barco R9841100 Projector Replacement Lamp With Housing	514
28653	Epson Lamp Eb-C30X; Eb-S01; Eb-S02; Eb-S	514
25945	GloWatt VT70LP Projector Replacement Lamp With Housing for NEC Projectors	514
1361	Electrified 7005089 / 69375 Replacement Bulb Only for Gateway Products	514
334	WDR16 antibody - WD repeat domain 16, 25 µL supplied	514
12271	BENQ LAMP W1070; W1080ST5J.J7L05.001	514
5810	Toshiba 62HM14 TV Lamp with Housing with 150 Days Warranty	514
40242	10GBASE-ER XFP 1550NM 40KM SMF LC	514
31994	Dental Power Surgical Binocular Loupes Optical Glass Loupe 3.5x420mm with LED Head Light Lamp	514
1584	Streamlight Replacement Bulb for Stinger HP STL78915 Category: Light Bulbs	514
16295	KBMM-225D (9451) DC Drives Chassis	514
31230	YODN Replacement With Housing For INFOCUS LP280 SP-LAMP-LP2E	514
25945	GloWatt 60.J1331.001 Projector Replacement Lamp With Housing for Acer Projectors	514
35585	Sony A-1556-496-a A1556311a 1-876-561-13 Main Unit - A-1556-496-a	514
1584	Panasonic PT-61LCX66 TV Lamp replacement with High Quality Bulb Inside	514
31230	YODN Replacement With Housing For EPSON EMP-260 ELPLP41	514
16357	62hmx94 compatible Toshiba TV lamp with Housing, 150 days warranty	514
30010	Epson EB-W8 OEM Replacement Lamp with Housing(All MOCP's lamps use Original Bulbs made by Philips or Osram)	514
16295	Philips Lighting Hitachi CP-X2010 Projector Lamp with Housing	514
16295	Philips Lighting Toshiba TDP-T90 Projector Lamp with Housing	514
34269	Datastor PA-000453 NEC LAMP P/N: NP16LP REPLACEMENT WITH OEM BULB INSIDE	514
28653	Epson - LAMP, POWERLITE 30C	514
16357	l2114a compatible HP TV lamp with Housing, 150 days warranty	514
28653	Epson Replacement Bulbs for PowerLite Multimedia Projectors	514
43028	FI Lamps Compatible 003-120483-01 / DT01001 Projector Lamp with New Housing for Christie Projectors	514
35585	Sony A-1641-943-a Main Unit - A-1641-943-a	514
12271	Acer Lamp Ep732; Ep732B; Ep732H; Ezpro 7	514
12271	Arclyte Technologies PL03509 ACER LAMP P7290EC.J6400.002	514
25945	ASAP-LAMP164, NEC NP02LP,Projector Lamp	514
43555	Compatible Lamp OEM 310-7578 for use with Dell Projectors	514
42383	Dell Projector Lamp 1409X	514
25945	Lamp for projectors	514
36912	SuperNight XCB036,XCB037 5M Waterproof 300 LED 3528 SMD Flexible Light Lamp Strip with 12V 2A Power Supply, Blue	514
31230	YODN Replacement With Housing For EPSON EH-TW3200 ELPLP49	514
16357	46hm95 compatible Toshiba TV lamp with Housing, 150 days warranty	514
133	DELL 2400MP REPLACEMENT PROJ LAMP BTI310-7578-BTI -	514
16295	12-pack E-simpo Gu24 to E26 Adapter, Gu24-e27 Lamp Base Converter, Rohs	514
30736	Original Nite Tritium Lamp Glowring keyring - NEW Clear Case - illuminates for up to ten years - Glow Green	514
16342	Ctlamp Projector 03-900520-01P Compatible Lamp with Housing for Christie Models: DS +60 / DS 60 / DW 30 / Matrix 3000	514
16295	SP Studio Systems Soft Box for SP100, SP920 and SP147 Flash Units	514
12271	Arclyte Technologies PL02881 BENQ LAMP FOR MP5755J.J1V05.001	514
16295	Ricoh Projector Lamp 308991	514
28653	Epson LAMP, POWERLITE 61P & 81P	514
28653	Replacement Lamp, 3000 Hours. Sp4805	514
133	Proj Lamp For Dell 2400mp	514
42835	HP L1550A Compaq Projector Brand New High Quality Original Projector Bulb	514
28653	Epson LAMP, EPSON, POWERLITE 1220,1260	514
16357	1610x compatible Dell Projector lamp with Housing, 150 days warranty	514
12271	Acer EC.J3901.001 Projection Lamp	514
133	The Best DELL LAMP 3400MP; 3500MP310-6747; 725-10	514
21475	Toshiba TLP-LT3 E-Series Replacement Lamp	514
16357	TLPLW2 Compatible Lamp for Toshiba TLP-T720	514
31065	Osram 69149 Brand New Factory Original BULB ONLY - BULB#01 - - - P-VIP 150/1.0 E18a Osram Projector Bulb Replacement without cage assembly . Brand New High Quality Original Projector Bulb Equivalent to part number s : Osram 69538 Osram P-VIP 150/1.0 E18a Original part for: Acer PD322 Dell 310-6747 Dell 3400MP Dell 3500MP Dell 725-10003 Dell 7W850 HP L1809A HP MP2210 HP MP2220 NEC LT20 NEC LT20LP Nobo X16P Optoma BL-FP156A Optoma EP729 Optoma SP.82F01.001 Toshiba TDP-P8 Viewsonic PJ256D Viewsonic RLC-009	514
43555	PREMIUM POWER PRODUCTS 23311083A-ER RPTV Lamp For Toshiba DLP TVs; Replaces 23311083A, TB-25 and TB25-LMP -by-PREMIUM POWER PRODUCTS	514
1584	Streamlight 78915 Replacement Bulb For Stinger Hp	514
21895	G24 to E27 LED Light Lamp Bulbs Adapter Converter	514
16295	Philips Lighting 3D Preception Action! M2 Projector Lamp with Housing	514
28653	Panasonic PT-DW5000 Multimedia Video Projector OEM Compatible Twin-Pack Bulbs	514
16295	Philips Lighting Christie DS25W Projector Lamp with Housing	514
16295	Niedax Rfdx 110.100 0.4Sq In Support For Cables -Tubing And Raceways Rfdx 110.100	514
16295	"PHILIPS LIGHTING LED 452672 16.5T8/22.5-3500IF 6"" U-Bent 16.5w 3500K Bi-Pin Lamp"	514
37254	Sanyo N8te V.2 Main Unit - N8te V.2	514
12271	Arclyte Technologies PL02955 BENQ LAMP SP920 #29E.0C101.011	514
334	WDR61 antibody - WD repeat domain 61, 25 µL supplied	514
16295	Philips Lighting Boxlight CP-13T Projector Lamp with Housing	514
16295	Philips Lighting Hitachi CP-X205 Projector Lamp with Housing	514
16357	TOSHIBA LAMP TLP-620; TLP-S200; TLP-S201	514
16295	Flat Cables 28 AWG Ribbon 1.0mm Zip 44 Cond 30/78 5 pieces	514
16295	Philips Lighting Toshiba TLP-470 Projector Lamp with Housing	514
25945	BulbWorld PD723 Projector Replacement Lamp With Housing for Acer Projectors	514
28653	Epson Projector Lamp Fan - PowerLite Home Cinema 3010, PowerLite Home Cinema 3010e, PowerLite Home Cinema 3020, PowerLite Home Cinema 3020e	514
16357	iq g500 compatible Barco Projector lamp with Housing, 150 days warranty	514
25945	NEC DISPLAY SOLUTIONS REPLACEMENT FILTER FOR THE NP-PX700W/750U/800X PROJECTOR NP02FT	514
16295	Philips Lighting Hitachi ED-X32 Projector Lamp with Housing	514
133	e-Replacements - Proj Lamp for Dell 5100MP	514
16295	Philips Lighting Infocus HD282 Projector Lamp with Housing	514
16295	Philips Lighting Hitachi CP-S970 Projector Lamp with Housing	514
16295	Philips Lighting Canon LV-7390 Projector Lamp with Housing	514
28653	Epson Lamp Eh-Tw2800; Eh-Tw2900; Eh-Tw30	514
16357	UX21514 Hitachi 50VS810 TV Lamp	514
28653	V13H010L39 EPSON Powerlite Pro CINEMA 1080 UB Projector Lamp	514
31065	Benq MP610 OEM Replacement Lamp with Housing(All MOCP's lamps use Original Bulbs made by Philips or Osram)	514
12271	Arclyte Technologies PL02832 BENQ LAMP W20000; W50005J.05Q01.001	514
1361	Ibm iL1210 Replacement Projector Lamp Original Philips / Osram Bulb Inside with Housing by KCL	514
6875	OEM Ibm Projector Lamp, Replaces Model iLV200 with Housing	514
43555	Compatible Lamp Compatible RLC-030-ER for use with ViewSonic Projectors	514
26544	R9841823 Barco ID R600 (dual) Projector Lamp	514
17892	BulbWorld DP820 Projector Replacement Lamp With Housing for Foxconn Projectors	514
6875	Toshiba Compatible 62HM116, 62HM196, 62MX196, 72HM196, 72MX196, 75007111, Y196-LMP RPTV Lamp with Housing	514
24534	Pcb-5014a Nec Px-42vm3a Main Board - Pcb-5014a	514
28653	Epson Powerlite Pro Cinema 800 Projector Assembly with OEM Compatible Bulb	514
27540	Original A20B-8101-0430 Fanuc board tested good 90 days warranty	514
6875	Compatible Toshiba RPTV Lamp, Replaces Model 44NHM85	514
28653	Epson 132W UHE Lamp	514
16295	Philips Lighting Christie LU77 Projector Lamp with Housing	514
133	Proj Lamp for Dell 5100MP	514
5106	Ipow Rechargeable 4-led Flexible Clip on Desk Table Usb Light Lamp - Dual Adjustable Long Arm with 2 Head Perfect for Bbq, Grill, Reading, Working, Laptop, Book, Music, Piano, Bed, Desktop, Tabletop,White Color: White Model: Office Supply Store	514
31065	3m AD50X OEM Replacement Lamp with Housing(All MOCP's lamps use Original Bulbs made by Philips or Osram)	514
12271	Arclyte Technologies PL03766 DUKANE LAMP IMAGE PRO 8771465-8771	514
43028	FI Lamps Compatible Sony XL-2200U 120 Watt RPTV Lamp/Bulb	514
28653	ASAP-LAMP199, EPSON ELPLP06,Projector Lamp	514
28653	Epson Projector Lamp Fan - PowerLite Pro Z8255NL, PowerLite Pro Z8350WNL, PowerLite Pro Z8450WUNL, PowerLite Pro Z8455WUNL	514
16295	Baxton Studio Grecian Crossroads Mounted Diptych Photography Print	514
34269	HQRP 15V 150W MR16 Shape GZ6.35 Base Halogen Lamp Bulb for Fuji Optical Extraoral Imaging DentaCam 11 EFR Replacement plus HQRP Coaster	514
43555	Compatible Lamp Compatible POA-LMP27-ER for use with Sanyo Projectors	514
31065	Smartboard 01-00228 OEM Replacement Lamp with Housing(All MOCP's lamps use Original Bulbs made by Philips or Osram)	514
26242	"High Quality Designed Waterproof Shockproof HDD SSD eSATA Carrying Hand Strap Case Bag Cover with Extra Front Pocket For 2.5"" Inch Toshiba Stor.E / Stor.E Alu 2 2S / Stor.E Art / Stor.E Basics / Stor.E Canvio / Stor.E Edition / Store.E Partner / Store.E Plus Portable External Hard Disk Drive, HDC5-B43#37"	514
16442	Toshiba LDGB0827E6USD LED Light Bulb	514
28653	Infocus C500 Cage Assembly with High Quality Proje	514
5724	F20 SX+ GR ULTRA WIDE Replacement Bulb for PROJECTIONDESIGN	514
12271	Arclyte Technologies PL02740 VIEWSONIC LAMP PJ658DP3784-1009; RLC-020	514
31065	Acer PD113P OEM Replacement Lamp with Housing(All MOCP's lamps use Original Bulbs made by Philips or Osram)	514
37392	V7 330 W Replacement Lamp for NEC NP1150, NP1200, NP1250 Replaces Lamp 60002234 VPL1798-1N -	514
16357	vp6200 compatible HP Projector lamp with Housing, 150 days warranty	514
16295	Philips Lighting BenQ PB7700 Projector Lamp with Housing	514
26096	Voltage References Low-Power Low-Drop Voltage Ref	514
21895	E27 to G24 LED Light Lamp Bulbs Adapter Converter	514
16357	52mx95 compatible Toshiba TV lamp with Housing, 150 days warranty	514
26544	R9842020 Barco OverView CDR+67-DL TV Lamp	514
28653	Epson 8100i Projector Assembly with High Quality OEM Compatible Bulb	514
37450	100BASE-LX SF LC SMF F/JUNIPER	514
43028	FI Lamps Compatible 31P9870 Projector Lamp with New Housing for IBM Projectors	514
16295	Polycom PY-2200-40000-001 SoundStation IP 7000 PoE	514
16357	50vs810 compatible Hitachi TV lamp with Housing, 150 days warranty	514
31065	Hitachi ED-S3170 OEM Replacement Lamp with Housing(All MOCP's lamps use Original Bulbs made by Philips or Osram)	514
25945	GloWatt TLP-LW7 Projector Replacement Lamp With Housing for Toshiba Projectors	514
28653	Epson 132W UHE Lamp	514
42835	HP projector lamp L1581A	514
28653	Epson Projector Lamp Fan - D06F-13BS1 01AH1	514
37303	EPSON Replacement Bulb for Powerlite 1700/1715 Multimedia Projectors, 170 Watts Case of 2	514
33231	LY Ableto LSH-A86 LED Screen Sun Shade and Protector for Canon IXUS 500/117/115/230	514
133	Proj Lamp for Dell 2400MP	514
26096	Hot Swap Voltage Controllers 48V- Hot-Swap Controller 5 pieces	514
17590	Toshiba TLP-X4100 OEM Replacement Lamp with Housing(All MOCP's lamps use Original Bulbs made by Philips or Osram...	514
40946	eWorldlamp High Quality ACER Projector EC.J0601.001 Original Bulb/Lamp Compatible for ACER PD521	514
36180	Crystal Housing Case/Shell Replacement with LED L	514
26544	BARCO LAMP UHP; RLM W12	514
6875	Compatible Toshiba RPTV Lamp, Replaces Model 52JM9UA with Housing	514
16295	Philips Lighting NEC VT770 Projector Lamp with Housing	514
12271	Arclyte Technologies PL02627 TOSHIBA LAMP 42HM6672620067; D42-LMP; LM	514
30238	Hitachi SRP-3240 OEM Replacement Lamp with Housing(All MOCP's lamps use Original Bulbs made by Philips or Osram...	514
43028	FI Lamps Compatible PANASONIC ET-LA735,Projector Lamp	514
28653	Epson Powerlite 4750W Cage High Quality Genuine Original Osram P-VIP Bulb	514
16295	Philips Lighting Dukane ImagePro 8787 Projector Lamp with Housing	514
25945	GloWatt EC.J1901.001 Projector Replacement Lamp With Housing for Acer Projectors	514
16295	Philips Lighting 3D Preception Action! M2 Projector Lamp with Housing	514
16357	50v715 compatible Hitachi TV lamp with Housing, 150 days warranty	514
31230	YODN Replacement With Housing For EPSON EMP-62C ELPLP41	514
12271	Benq Lamp W500; 5J.J2K02.001	514
25945	GloWatt 03-000709-01P Projector Replacement Lamp With Housing for Christie Projectors	514
25945	Mwave Lamp for CHRISTIE DS+655 Projector Replacement with Housing	514
12271	Arclyte Technologies PL02472 DELL LAMP FOR 1410X330-6183; 725-10196	514
21895	Souked G24 to E27 LED Light Lamp Bulbs Adapter Converter	514
5810	Hitachi 50VS69A TV Lamp with Housing with 150 Days Warranty	514
31065	Hitachi CP-S225AT OEM Replacement Lamp with Housing(All MOCP's lamps use Original Bulbs made by Philips or Osram)	514
133	e-Replacements Proj Lamp for Christie Other DT00871-ER	514
9223	SmaLL Laptop Desk Lamp High QuaLity Led Lamp HoLder Keyboard Light USB 28 Energy-saving Lamps	514
12271	Arclyte Technologies PL02542 CHRISTIE LAMP 2000; 2000W; DS+25; DS+25W	514
12271	Arclyte Technologies PL03328 ACER LAMP 1100MP; BD.S2000; KSD130; KWD1	514
12271	The Best ACER LAMP FOR P5260EEC.J6000.001	514
16986	Flat Cables 28 AWG Ribbon 1.0mm Zip 44 Cond 30/78 50 pieces	514
26544	R9841760 Barco iQ R350 PRO Projector Lamp	514
31065	3m 5059905874 OEM Replacement Lamp with Housing(All MOCP's lamps use Original Bulbs made by Philips or Osram)	514
16357	Toshiba Lamp Nps10A; Npx10Apa3976U-1Et2	514
41696	KITAPOAEVWCOX70427 - Value Kit - Apollo Replacement Bulb for Apollo AC2000/Cobra VS3000/3M Projectors APOAEVW and Glad ForceFlex Tall-Kitchen Drawstring Bags COX70427	514
25945	SANFORD 1755775 / MIMIOPAD REPLACEMENT WIRELESS	514
25945	Nec Lamp Np-V230+; Np-V230X+; Np-V260+;	514
16357	62hm94 compatible Toshiba TV lamp with Housing, 150 days warranty	514
9223	Digital AC/DC Ohm Volt Meter Multitester With LCD Back Light Display	514
16357	Y196-LMP Toshiba Y196-LMP TV Lamp	514
16357	lc48 compatible Hitachi TV lamp with Housing, 150 days warranty	514
133	Proj Lamp for Dell 2200MP	514
12271	Arclyte Technologies PL02430 3M LAMP C440; C450; C460; CP-HX6300; CP-	514
5810	Hitachi 60VS810 TV Lamp with Housing with 150 Days Warranty	514
16295	LUO Windproof Atmosphere Lamp	514
12271	Arclyte Technologies PL02214 LAMP FOR HP VP6111; VP6121L1709A	514
17892	BulbWorld 52HM95 Lamp with Housing for Toshiba TV	514
133	Proj Lamp for Christie Other	514
30010	Epson V13H010L23 OEM Replacement Lamp with Housing(All MOCP's lamps use Original Bulbs made by Philips or Osram)	514
12271	Arclyte Technologies PL02737 NEC LAMP NP-U300X; NP-U310X; U300X; U310	514
133	e-Replacements - ELPLP60-ER - Compatible lamp for Epson	514
16357	TOSHIBA LAMP LPD-HD5LPD-HD5-LAMP	514
9223	USB Lamp Reader Lamp Reading Table Lamp Lentils Lamp for Laptop with 7 Led Usb 2.0	514
16357	lp500 compatible Hitachi TV lamp with Housing, 150 days warranty	514
12271	Arclyte Technologies PL03442 INFOCUS LAMP IN1501SP-LAMP-059	514
31230	YODN Replacement With Housing For EPSON EB-X8 (ELPLP54)	514
16295	8 10/100 PT SF 300-08	514
26242	"High Quality Designed Waterproof Shockproof HDD SSD eSATA Carrying Hand Strap Case Bag Cover with Extra Front Pocket For 2.5"" Inch Toshiba Stor.E / Stor.E Alu 2 2S / Stor.E Art / Stor.E Basics / Stor.E Canvio / Stor.E Edition / Store.E Partner / Store.E Plus Portable External Hard Disk Drive, HDC5-A35#37"	514
12271	Arclyte Technologies PL03063 EPSON LAMP BRIGHTLINK 450WI; BRIGHTLINK	514
9223	GL-1W65 1W 1-LED 1-Mode White Light Gooseneck Lamp USB (Black)	514
16357	72cm9ua compatible Toshiba TV lamp with Housing, 150 days warranty	514
5115	Pack of 2 White 6 Inches CCFL Cold Cathode Under Car / Mod Kit PC Computer Led Light Lamp	514
25945	Replacement Projector lamp for IN36,C310 SP-LAMP-026	514
33231	LY Ableto LSH-A38 LED Screen Sun Shade and Protector for Canon A2600/IXUS265/255/140/132	514
25945	ASAP-LAMP357, NEC NP12LP,Projector Lamp	514
16295	Habitrail Mini Cube, with 3 Windows and 1 Lock Connector	514
37254	Sanyo Z7gb Main Unit - Z7gb	514
43555	Compatible Lamp OEM SP-LAMP-009 for use with IBM Projectors	514
28653	Epson - Epson 200W UHE Lamp	514
12271	Arclyte Technologies PL03829 TOSHIBA LAMP NPW20B; NPX20BPA5040L	514
16357	UX21513 Hitachi 50V525E TV Lamp	514
6152	V7 Replacement Lamp ELPLP53 EPSON EPSON EB-1915 EB-1920W EB-1925W / VPL2161-1N /	514
25945	GloWatt 31P9870 Projector Replacement Lamp With Housing for IBM Projectors	514
31065	Benq SP830 OEM Replacement Lamp with Housing(All MOCP's lamps use Original Bulbs made by Philips or Osram)	514
16295	Philips Lighting Boxlight SP-50M Projector Lamp with Housing	514
25945	Nec Lamp Np-V230+; Np-V230X+; Np-V260+;	514
31065	Nec VT660GK OEM Replacement Lamp with Housing(All MOCP's lamps use Original Bulbs made by Philips or Osram)	514
6875	Compatible Toshiba RPTV Lamp, Replaces Model 44NHM84	514
15150	** Replacement Bulbs for PowerLite Multimedia Projectors, 200 Watts	514
43555	OEM InFocus SP-LAMP-058 Lamp for IN3114, IN3116, and HDS3D-1 Projectors	514
6875	Hensel Integra Plus 250 W/s Monolight, 300 W Modeling Lamp, Freemask Technology	514
12271	BENQ LAMP MS612ST5J.J4105.001	514
16357	Compatible Lamp Hitachi DT00661	514
26242	AVERMEDIA AverMedia EXR6004 Mini Pure IP NVR 4-Channel / NEXR6004M /	514
26096	Voltage References PREC 1.024V LW VOLT FGA REF 5.0MV -40TO	514
133	e-Replacements - Proj Lamp for Dell 2400MP	514
5810	Toshiba 62HM95 TV Lamp with Housing with 150 Days Warranty	514
42835	L1720A HP MP3222 Projector Lamp	514
5810	72514011 Toshiba 72514011 TV Lamp	514
12271	Benq Lamp Mp611; Mp611C; Mp620C; Mp721	514
25945	GloWatt L2139A Projector Replacement Lamp With Housing for HP Projectors	514
25945	GloWatt MT40LP Projector Replacement Lamp With Housing for NEC Projectors	514
28653	Epson EMP-7200 Projector Assembly with High Quality OEM Compatible Bulb	514
16295	Philips Lighting Boxlight CP-300T Projector Lamp with Housing	514
28653	Epson TW600 Projector Assembly with High Quality OEM Compatible Bulb Inside	514
31177	5 Year Dop Flat Panel Tv Plan Under 7500	514
16295	Goring-Kerr TK7902 PC Board, TEK-21-DSP, Search Head MOD	514
16295	Philips Lighting Boxlight SP-45M Projector Lamp with Housing	514
12271	Arclyte Technologies PL02835 BENQ LAMP FOR MP7715J.07E01.001	514
25945	Replacement projector lamp for	514
17892	BulbWorld 72MX196 Lamp with Housing for Toshiba TV	514
35585	Toshiba 75023541 Main Unit - 75023541	514
28653	42V525 Replacement Bulb for HEWLETT PACKARD	514
34269	Datastor PA-000057 BENQ LAMP P/N: 59.J8401.CG1 REPLACEMENT WITH OEM BULB INSIDE	514
42383	Dell Projector Lamp 330-6581	514
35099	TOSHIBA TLP504A-2 OPTOCOUPLER, PHOTOTRANSISTOR, 2500V	514
17017	Electrified Replacement Lamp with Housing for Anders Kern Projectors - Lamp 4719 - 150 Day Electrified Warranty...	514
16357	tb25-lmp compatible Toshiba TV lamp with Housing, 150 days warranty	514
21895	Haoge Elinchrom to Bowens Mount Ring Adapter Converter for Studio Light Strobe Flash	514
9223	Enjoydeal Novelty Romantic Multicolor 12 Light and 8-Mode LED Ocean Wave Projector USB Lamp With MP3 Speaker	514
28653	ASAP-LAMP300, EPSON ELPLP33,Projector Lamp	514
9223	Mini Ultra-small Ultra-thin Mobile Power USB lamp Super Bright 4 LEDs Computer Keyboard Camping Lamp LED Night Light Lamp	514
23773	Replacement Bulb for XR20X and XR20S Multimedia Projectors	514
28653	The Best EPSON LAMP ELPHC100; ELPHC200; EMP-TW100	514
40242	Distinow 10G-XFP-ER-ENC 10GBASE-ER XFP 1550NM 40KM SMF LC	514
26612	Apollo Replacement Bulb For Apollo Ac2000/Cobra Vs3000/3m Projectors Apoaevw	514
133	e-Replacements - Proj Lamp for Christie	514
18835	Electrified Replacement Lamp with Housing for Acer America Projectors - Lamp 4750 - 150 Day Electrified Warranty...	514
43555	Compatible Lamp OEM TLPLW11 for use with Toshiba Projectors	514
12271	Acer Lamp P7280; P7280Iec.J6400.001	514
16295	Philips Lighting Samsung HL-R6767W HLR6767W Bare Lamp BP96-01099A	514
1519	Hp vp6320c OEM Replacement Lamp with Housing(All MOCP's lamps use Original Bulbs made by Philips or Osram)	514
16342	Lampedia Projector Lamp for BARCO OV D1 / OV-1008 / OV-1015 / OV-501 / OV-508 / OV-513 / OV-515 / OV-701 / OV-708 / OV-713 / OV-715 / OV-808 / OV-815 / OverView CDG67-DL / OverView CDG80-DL / OverView CDR+67-DL / OverView CDR+80-DL	514
133	E-replacements Compatible lamp for Epson	514
37392	V7 PROJECTORS 200-WATT LAMP FOR VT60LP NEC VPL534-1N	514
16295	Philips Lighting Davis PowerBeam II Projector Lamp with Housing	514
16357	311-8529 compatible Dell Projector lamp with Housing, 150 days warranty	514
26544	Barco Lamp Ov D1; Ov-1008; Ov-1015; Ov-5	514
25945	Rangeolamps VT80LP replacement projector Lamp With Housing For NEC VT59BE	514
25945	Lamp for projectors	514
133	DELL 310-8290 1800MP LAMP 725-10106	514
31065	OEM 89041 Backup Lamp Switch	514
30010	Epson PowerLite 7200 OEM Replacement Lamp with Housing(All MOCP's lamps use Original Bulbs made by Philips or Osram)	514
133	Dell Lamp S300; S300W; S300Wi330-9847; 7	514
133	e-Replacements 310-5513-ER Proj Lamp for Dell 2300MP	514
31230	YODN Replacement With Housing For TOSHIBA TDP-MT800 SP-LAMP-006	514
25945	"Nec Display Solutions Replacement Lamp For Np110/115/215216 And Np-V260x/V260 Projectors ""Product Category: Monitor / Display / Projector/Accessory"""	514
16357	tdpf1 compatible Toshiba Projector lamp , 150 days warranty	514
12271	Acer Lamp P7280; P7280Iec.J6400.001	514
16357	Compatible lamp for HP	514
30010	Epson PowerLite 74c OEM Replacement Lamp with Housing(All MOCP's lamps use Original Bulbs made by Philips or Osram)	514
12271	Arclyte Technologies PL03986 ACER LAMP UHP; P5207; P5207B; P5207I	514
6875	Compatible Dell Projector Lamp, Replaces Model 1200MP with Housing	514
28653	Epson Projector Lamp Fan - PowerLite Pro Z8050WNL, PowerLite Pro Z8000WUNL, PowerLite Pro Z8150NL, PowerLite Pro Z8250NL	514
16295	Philips Lighting Infocus IN38 Projector Lamp with Housing	514
5810	Acer PD100P TV Lamp with Housing with 150 Days Warranty	514
41696	Electrified Replacement Lamp with Housing for Compaq Projectors - Lamp 4705 - 150 Day Electrified Warranty	514
16357	Stdpower TX1003 5 IN 1 Infrared Remote Wireless Control Compatible for Conon 6D 5D3 650D 5D2/Nikon D7000 D90/	514
16295	Philips Lighting ProjectionDesign F3 SXGA+ Projector Lamp with Housing	514
21475	Toshiba D95-LMP E-Series Replacement Lamp	514
37303	** Replacement Bulbs for PowerLite Multimedia Projectors, 230 Watts	514
12271	Arclyte Technologies PL03827 ACER LAMP S1270HN; S1273HN; S1370WHN; S1	514
16357	50v500g compatible Hitachi TV lamp with Housing, 150 days warranty	514
12271	Arclyte Technologies PL03977 BENQ LAMP UHP; MW721	514
17892	BulbWorld RoadRunner L6 Projector Replacement Lamp With Housing for Christie Projectors	514
43028	FI Lamps Compatible PANASONIC ET-LAB30,Projector Lamp	514
28159	Powerwarehouse Dell 330-9847 Lamp - Premium Powerwarehouse Replacement Lamp	514
31065	Benq CS.59J0Y.1B1 OEM Replacement Lamp with Housing(All MOCP's lamps use Original Bulbs made by Philips or Osram)	514
44595	L1709A HP VP6121 Projector Lamp	514
133	Proj Lamp for Dell 5100MP	514
6875	Compatible Hitachi RPTV Lamp, Replaces Model 50VG825 with Housing	514
28653	Epson 130W Uhe Lamp 130W Uhe 2000 Hour	514
31230	YODN Replacement With Housing For NEC NP1150G2 (NP06LP)	514
16295	SeaSense Push/Pull Switch with Pilot Lamp	514
25945	Panasonic KX-PRSA10W / KXPRSA10W Dect_6.0 1-Handset Landline Telephone	514
28653	Digital Voltmeter DC 3.3V-17V 100% Brand New And High Quality	514
25945	Mwave Lamp for CHRISTIE 003-120504-01Projector Replacement with Housing	514
28653	ASAP-LAMP324, EPSON ELPLP53,Projector Lamp	514
16295	Philips Lighting Hitachi CP-X32 Projector Lamp with Housing	514
8065	Mwave Lamp for NEC P350WGProjector Replacement with Housing	514
28653	Epson 2000 Hours 130W Replacement Lamp, V13H010L29	514
42835	L1695A HP VP6310b Projector Lamp	514
26544	R9842020 Barco OverView MDR50 TV Lamp	514
43555	Compatible Lamp Infocus SP-LAMP-LP3	514
41696	Electrified Replacement Lamp with Housing for Optoma Projectors - Lamp 4296 - 150 Day Electrified Warranty	514
16295	X10 Socket-Rocket Screw-In Lamp Module LM15A	514
25945	Genuine ALTM TLP-LW7 Lamp & Housing for Toshiba Projectors	514
28159	Powerwarehouse Dell 1610X Lamp - Premium Powerwarehouse Replacement Lamp	514
36912	25cm*90cm Colorful Dashboard Music Rhythm LED Flash Lamp Sound Activated light 200-hours	514
16357	UX21511 Hitachi 50VX500 TV Lamp	514
16295	Lutema 31P9910-P01 IBM 31P9910 LCD/DLP Projector Lamp Philips Inside	514
16357	The Best TOSHIBA LAMP TDP-MT700TLPLMT70	514
9223	Mouse over image to zoom Portable LED Card Pocket Light bulb Lamp Wallet Size New TO	514
16295	SP-LAMP-006 IBM iLC300 Projector Lamp	514
43028	SP920P BenQ Replacement Multimedia Video Projector Lamp with cage assembly 2 Lamps Required - Order Left and Right Lamps	514
28653	Epson Cinema 550 Projector Assembly with High Quality OEM Compatible Bulb Inside	514
1361	DELL 317-2531 Original Lamp for DELL 1210S Projector	514
26544	R9842020 Barco OverView CDR+80-DL TV Lamp	514
16295	Philips Lighting ProjectionDesign F32 1080 Projector Lamp with Housing	514
35585	Sony A-1778-906-a Main Unit - A-1778-906-a	514
16357	Touch Sensor Module Compatible for Arduino	514
24989	ARCLYTE TECHNOLOGIES, INC. PROJETOR LAMP - ACER P5260E WITH HOUSING PL02671	514
16295	ASAP-LAMP107, PANASONIC ET-LAC80,Projector Lamp	514
133	"Quantum Leap T6 Lamp - 48"" 40W QUANTUM LEAP T6 LAMP"	514
28653	Epson 130W UHE Lamp	514
133	e-Replacements - Proj Lamp for Dell 5100MP	514
26544	R9842020 Barco OverView CDG80-DL TV Lamp	514
31065	Acer XD1150D OEM Replacement Lamp with Housing(All MOCP's lamps use Original Bulbs made by Philips or Osram)	514
133	e-Replacements 310-2328-ER Dell Projector Lamp	514
43555	Compatible Lamp OEM 5811100760-SVK for use with Vivitek Projectors	514
133	e-Replacements - Proj Lamp for Dell 2300MP	514
43555	Compatible Infocus Lamp-016 Lamp	514
31065	Nec VT460GK OEM Replacement Lamp with Housing(All MOCP's lamps use Original Bulbs made by Philips or Osram)	514
28653	Epson 200W UHE Lamp	514
27048	Quoizel CKAR6435PZ Aruba Lamp Table	514
26242	"High Quality Designed Waterproof Shockproof HDD SSD eSATA Carrying Hand Strap Case Bag Cover with Extra Front Pocket For 2.5"" Inch Toshiba Stor.E / Stor.E Alu 2 2S / Stor.E Art / Stor.E Basics / Stor.E Canvio / Stor.E Edition / Store.E Partner / Store.E Plus Portable External Hard Disk Drive, HDC5-B32#37"	514
16295	Philips Lighting Dell 310-8290 Projector Bare Replacement Lamp	514
25945	IBM SP-LAMP-003 E-Series Replacement Lamp	514
24989	ARCLYTE TECHNOLOGIES, INC. LAMP FOR NEC LT280, LT375, LT380 PL02422	514
30010	Epson ELPLP06 OEM Replacement Lamp with Housing(All MOCP's lamps use Original Bulbs made by Philips or Osram)	514
23773	"Nec Display Solutions Replacement Lamp For Np110/115/215216 And Np-V260x/V260 Projectors - By ""Nec Display Solutions"" - Prod. Class: Monitor / Display / Projector/Accessory"	514
28653	Epson - Epson 200W UHE Lamp	514
16295	Philips Lighting ProjectionDesign Cineo MKIII Projector Lamp with Housing	514
35585	Sony A-1609-447-a Main Unit - A-1609-447-a	514
5115	Tripp-Lite 2m 6-ft. MTP/MPO / 8 x LC, 40GbE	514
25945	GloWatt TDP-F1PLUS Projector Replacement Lamp With Housing for Toshiba Projectors	514
17892	BulbWorld 46HM84 Lamp with Housing for Toshiba TV	514
26612	EPSV13H010L34 Epson Replacement Bulb for PowerLite 62c/76c/82c	514
6152	V7 VPL1001-1N 210W REPL LAMP FOR L1695A FITS HEWLETT PACKARD VP6300 VP6310	514
16295	Philips Lighting Infocus 380 Projector Lamp with Housing	514
17892	BulbWorld 62HMX95 Lamp with Housing for Toshiba TV	514
31230	YODN Replacement With Housing For EPSON EMP-745 ELPLP32	514
37303	** Replacement Bulb for Powerlite 83C/882C Multimedia Projectors, 170 Watts **	514
15150	-- Replacement Bulbs for PowerLite Multimedia Projectors, 200 Watts	514
11849	Lutema P8984-1021-L02-1 Foxconn P8984-1021 LCD/DLP Projector Lamp (Premium)	514
25945	NEC DISPLAY SOLUTIONS Lamp for LT157 and LT158	514
1584	Compatible Lamp OEM V13H010L16 for use with Epson Laptops	514
9730	Mwave Lamp for EPSON EH-TW3800Projector Replacement with Housing	514
16295	Philips Lighting Foxconn DP820 Projector Lamp with Housing	514
31065	Dell 310-5513 OEM Replacement Lamp with Housing(All MOCP's lamps use Original Bulbs made by Philips or Osram)	514
42835	Hp Lamp Ex543Aa; Ex543Aar; Ey808Aa; Ey80	514
133	e-Replacements - Proj Lamp for Dell 1201MP	514
9223	MB Star C3 Tester With Xentry+DAS+WIS+EPC+Sd MEdia+ST Finder+STARUTILITIES Soft Star C3	514
16357	Brand New, and Factory Sealed +++ Dell 7700FullHD Projector with 2-Year Advanced Exchange Warranty and 1-Year Lamp Warranty [Dell PN: 7700FullHD]	514
16295	Baxton Studio Port Elizabeth Nightlife Mounted Diptych Photography Print	514
12271	Benq Lamp Ms500; Ms500-V; Ms500P; Mx501;	514
28653	Epson 130W UHE Lamp	514
16295	Philips Lighting Foxconn AHE-S481 Projector Lamp with Housing	514
12271	Arclyte Technologies PL02829 BENQ LAMP PB8140; PB824059.J9401.CG1; 59	514
31065	Dell 725-10106 OEM Replacement Lamp with Housing(All MOCP's lamps use Original Bulbs made by Philips or Osram)	514
42835	Hewlett Packard HP Lamp MD5820N	514
21895	E27 to GU10 Light Lamp Bulbs Adapter Converter - Worldwide	514
9223	Free Shipping 1Piece USB Mushroom Lamp / USB Touch Press Lamp Light	514
16295	Recombinant Methanococcus maripaludis Signal recognition 54 kDa protein (srp54)	514
16357	Rptv Lamp for Toshiba	514
12271	Acer Lamp Ps-W11K; Ps-X11; S5201; S5201B	514
133	Proj Lamp for Dell 2200MP	514
1361	Dell 310-7522 Replacement Projector Lamp (Original Philips / Osram Bulb Inside) with Housing by KCL	514
25945	GloWatt 03-000667-01P Projector Replacement Lamp With Housing for Christie Projectors	514
16295	Philips Lighting BenQ MP622 Projector Lamp with Housing	514
33231	LY Ableto LSH-A60 LED Screen Sun Shade and Protector for Canon SX150/SX220/SX230/G12	514
30010	Epson ELPLP08 OEM Replacement Lamp with Housing(All MOCP's lamps use Original Bulbs made by Philips or Osram)	514
31065	Ibm iLM300 OEM Replacement Lamp with Housing(All MOCP's lamps use Original Bulbs made by Philips or Osram)	514
11849	Lutema 7005089-PI Gateway 7005089 DLP/LCD Projection TV Lamp - Philips Inside	514
40878	niceEshop(TM) 5W 420lm E27 Emergency LED 6500K Cool White Light Lamp Bulbs(White)	514
16986	RS-485 Interface IC Trans Volt Spprssn Diff Transceiver 50 pieces	514
30010	Epson V13H010L05 OEM Replacement Lamp with Housing(All MOCP's lamps use Original Bulbs made by Philips or Osram)	514
16295	Philips Lighting 3D Preception Action! M2 Projector Lamp with Housing	514
133	Hanging Metal Star Lamp - Mustard Color	514
31230	YODN Replacement With Housing For EPSON EB-X8e (ELPLP54)	514
16295	Philips Lighting Toshiba TDP-TW90A Projector Lamp with Housing	514
16295	PVC Car Seat Back Cover Blue	514
17892	BulbWorld iL2020 Projector Replacement Lamp With Housing for IBM Projectors	514
34269	Datastor PL-291 REPLACEMENT LAMP FOR OEM EPSON ELPLP41	514
16295	Philips Lighting Epson EMP-7500 Projector Lamp with Housing	514
133	Proj Lamp for Christie	514
28653	K641 - Paradox security system burglar alarm k641 keyboard with lcd alphanumeric display with backlight color blue high visibility	514
30010	Epson V11H139040DA OEM Replacement Lamp with Housing(All MOCP's lamps use Original Bulbs made by Philips or Osram)	514
16357	Toshiba Lamp 46Hm84; 46Hm94; 46Wm48; 46W	514
43555	Compatible Lamp Compatible RLC-036-ER for use with ViewSonic Projectors	514
7576	LDO Voltage Regulators ANA 400mA LDO REG 50 pieces	514
26544	R9801015 BARCO CLM HD-6 Projector Lamp	514
16357	TB25-LMP Toshiba 46WM48 TV Lamp	514
16295	STOR.E CANVIO V6 2.5 1TB	514
41696	Electrified Replacement Lamp with Housing for Acer Projectors - Lamp 4329- 150 Day Electrified Warranty	514
28653	Epson V13H010L73 DUAL LAMP KIT CONTAINING 2 EPSON ELPLP72 ULTRA HIGH EFFICIENCY UHE PROJECTOR L	514
42835	L1755A HP VP6210 Projector Lamp	514
28653	Epson 130W UHE Lamp	514
17892	BulbWorld 62HM195 Lamp with Housing for Toshiba TV	514
25945	Amsahr Replacement Battery for NEC E680, 8889, 8389, 8089, 8089P AM-BATT-NECE680-05	514
28653	Epson Powerlite Pro G5150NL Projector Assembly with OEM Compatible Bulb	514
12271	ACER LAMP P1223EC.JEA00.001	514
35099	Toshiba DDSX-LP-120 OEM Replacement Lamp	514
9223	LED Night Light Lamp of the Head of a Bed Double Pole Double Lamp Dual Arm USB 6 LED Flexible Clip-on Light Lamp Black for Pc Notebook	514
42383	Dell Projector Lamp 468-8976	514
5810	Hitachi LM700 TV Lamp with Housing with 150 Days Warranty	514
25945	Genuine AL? MT830/1030LAMP / 50017080 Lamp & Housing for NEC Projectors	514
12271	Arclyte Technologies PL02423 CANON LAMP LV-X6; LV-X7; VT48; VT48G; VT	514
5810	Toshiba 72MX195 TV Lamp with Housing with 150 Days Warranty	514
133	Proj Lamp for Dell 2300MP	514
7576	Voltage Regulators - Switching Regulators 1.5-A Peak Boost/ Buck/Inverting Swit 100 pieces	514
5810	Y67-LMP Toshiba 57HM117 TV Lamp	514
43028	Lamp module for ACER PD726W, PW730 Projectors. Type = P-VIP, Power = 300 Watts, Lamp Life = 2000 Hours	514
38610	Lampedia Replacement Lamp for ACER PD116P / PD116PD / PD521D / PD523 / PD523D / PD525 / PD525D	514
16357	vp6315 compatible HP Projector lamp with Housing, 150 days warranty	514
9730	Mwave Lamp for EPSON EB-S92Projector Replacement with Housing	514
41696	Electrified Replacement Lamp with Housing for Christie Digital Projectors - Lamp 4643 - 150 Day Electrified Warranty...	514
17892	BulbWorld LCT50HV Lamp with Housing for Olevia TV	514
16342	Ctlamp Compatible SP-LAMP-057 Projector Lamps for Infocus Models: IN2112 / IN2114 / IN2116 / IN2192 / IN2194 / IN2196 with 150 Days Warranty	514
16295	Philips Lighting ProjectionDesign Cineo Projector Lamp with Housing	514
9223	USB Plasma Ball Sphere Lightning Light Magic Crystal Lamp Desktop Globe Laptop	514
12271	BENQ LAMP MX660; MX7115J.J3V05.001	514
42383	Dell Projector Lamp S300W	514
42835	L1695A HP VP6320c Projector Lamp	514
133	Proj Lamp for Dell 2200MP	514
16295	Philips Lighting 3D Preception Action! M2 Projector Lamp with Housing	514
16295	T-E Connectivity 6-102692-8 1 pc 72 MODII 2PC HDR DR SHRD, ROHS	514
16295	SP-LAMP-006 IBM iLC300 Projector Lamp	514
28653	Epson 132W UHE Lamp	514
43592	Hitachi DT00911 replacement lamp and filter for 401/301/450/306/206 projectors	514
28653	Bulb gaming mouse mat DIY 9 * 7.5inch	514
16295	Philips Lighting 3D Preception Action! M2 Projector Lamp with Housing	514
9223	New Automatic rotation projector Colorful star lover lamp LED light + adapter Free Shipping Guaranteed 100%	514
26544	R9842020 Barco OverView MDR+50 TV Lamp	514
133	Proj Lamp for Dell	514
41696	Electrified Replacement Lamp with Housing for Compaq Projectors - Lamp 4685 - 150 Day Electrified Warranty	514
31065	Acer America EC.J1901.001 OEM Replacement Lamp	514
43028	FI Lamps Compatible NEC DISPLAY SOLUTIONS MT60LP LCD projector lamp	514
16295	PMIC Solutions Sgl Chip Pwr Sol 5 pieces	514
28653	Epson V13H010L1D Lamp Module for 52C	514
43592	Hitachi DT00911 replacement lamp and filter for 401/301/450/306/206 projectors CPX201/X301/X401LAMP	514
28653	Compatible lamp for Epson	514
16295	Uma Pink Crystal Small Lamp	514
5810	Epson EB-1810 TV Lamp with Housing with 150 Days Warranty	514
31230	YODN Replacement With Housing For EPSON EMP-750 ELPLP32	514
25945	GloWatt VT40LP Projector Replacement Lamp With Housing for NEC Projectors	514
16357	1800mp compatible Dell Projector lamp with Housing, 150 days warranty	514
16295	Zip-Around Under Arm Folio Color: Cognac	514
31230	YODN Replacement With Housing For EPSON EMP-62 ELPLP34	514
31230	YODN Replacement With Housing For INFOCUS LP290 SP-LAMP-LP2E	514
35585	Sony 1-895-172-11 Main Unit - 1-895-172-11	514
3006	Toshiba TDP-T9 OEM Replacement Lamp with Housing(All MOCP's lamps use Original Bulbs made by Philips or Osram)...	514
30736	e-Replacements, Proj Lamp for Epson Catalog Category: Projectors / Lamps	514
7576	Voltage References Micropwr Integr Prec Vltg Ref 50 pieces	514
28159	Powerwarehouse Dell S500 Ultra Short Throw Lamp - Premium Powerwarehouse Replacement Lamp QTY 2	514
12271	Arclyte Technologies PL03733 RUNCO LAMP XTREMEPROJECTION X-400D; XTRE	514
25945	GloWatt NP05LP Projector Replacement Lamp With Housing for NEC Projectors	514
31065	G1w Full Hd 1080p Original H.264 Dashboard Dash Cam Nightvision Motion Detection Super Wide 120° Viewing Angle 1920x1080 H.264 4x Zoom with One Original CINDISON Free 32GB Micro SD card & Adapter + CINDISON Free Gift Ball Point Pen	514
17892	BulbWorld 03-000712-01P / 610 305 5602 Projector Replacement Lamp With Housing for Christie Projectors	514
31230	YODN Replacement With Housing For NEC NP610SG (NP07LP)	514
16357	23311168 compatible Toshiba TV lamp with Housing, 150 days warranty	514
33231	Ableto LSH-A59 LED Screen Sun Shade and Protector for Canon G16/D30/265/S120	514
36912	High Quality 100W Ultraviole UV UV Curable 365nm 375nm 395nm LED Chip Lamp Light ,Wave Length:365-370NM	514
16295	Philips Lighting 3D Preception Action! M2 Projector Lamp with Housing	514
16295	WAGO 750-343 ECO FIELDBUS COUPLER, I/O MODULE	514
16357	UX21514 Hitachi UX21514 TV Lamp	514
42835	L1695A HP VP6325 Projector Lamp	514
31230	YODN Replacement With Housing For INFOCUS DP1000X SP-LAMP-003	514
25945	GloWatt NP21LP Projector Replacement Lamp With Housing for NEC Projectors	514
12271	Arclyte Technologies PL02884 BENQ LAMP W6000; W65005J.J2605.001	514
41696	Electrified Replacement Lamp with Housing for Acer Projectors - Lamp 4321 -150 Day Electrified Warranty	514
16357	Photostudio Background Sheet 1.5x1m Light Grey, TAIYOSHOJI warranty attached	514
16295	Philips Lighting Boxlight MP-37T Projector Lamp with Housing	514
30010	Sharp PG-F317X OEM Replacement Lamp with Housing(All MOCP's lamps use Original Bulbs made by Philips or Osram)	514
16295	Lexmark 99A0176 LAMP FUSER 220V 500W	514
43028	FI Lamps Compatible Optoma Lamp BL-FU185A -	514
26242	General Modified Canopy for Super CP Genius CP Mini CP V977 HCP100S	514
28159	Powerwarehouse Dell 725-10225 Lamp - Premium Powerwarehouse Replacement Lamp QTY 2	514
25945	Lamp for projectors	514
12271	Arclyte Technologies PL02425 CANON LAMP DXL 5015; LV-X5; VT37; VT47;	514
6152	V7 2000 HOURS 200-WATT LAMP FOR [VPL1711-1N]	514
16357	UX21516 Hitachi UX21516 TV Lamp	514
16295	Philips Lighting Infocus DP-1000X Projector Lamp with Housing	514
5106	PRO ELEC - 25-4910 - MR16 HIGH POWERED 3 X 1W WARM WHITE	514
12271	BENQ 5J.J0A05.001 lamp	514
28653	EPSON V13H010L57 Replacement Lamp for 450W 460 and Bright Link 450WI	514
36912	MUW® Dental Wireless LED Curing Light Lamp 1000mw/cm2 2pcs Light Guide Tips/Rods Digital Display Blue Light	514
25853	New - Epson 165W Lamp - 871710	514
36912	High Quality 100W Ultraviole UV UV Curable 365nm 375nm 395nm LED Chip Lamp Light ,Wave Length:385-390NM	514
133	e-Replacements - Proj Lamp for Dell 2400MP	514
12271	Arclyte Technologies PL03728 CHRISTIE LAMP LW401; LWU401; LX501003-12	514
12271	Arclyte Technologies PL03152 220W SHARP LAMP	514
6875	Compatible Hitachi RPTV Lamp, Replaces Model 50C20 with Housing	514
16295	Philips Lighting 3D Preception Action! M2 Projector Lamp with Housing	514
21475	Toshiba AZ684001 E-Series Replacement Lamp	514
43555	Compatible Lamp OEM VLT-X10LP for use with Acer Projectors	514
41696	Electrified Replacement Lamp with Housing for Christie Digital Projectors - Lamp 4214 - 150 Day Electrified Warranty...	514
16342	Ctlamp 310-4523 / 2200MP / 730-11199 Compatible Lamp Module for Dell 2200MP Projectors	514
133	Proj Lamp for Dell 2400MP Proj Lamp for Dell 2400MP	514
28653	Epson V13H010L30 Epson Replacement Bulbs for PowerLite Multimedia Projectors EPSV13H010L30 EPS V13H010L30	514
31230	YODN Replacement With Housing For EPSON EX71 (ELPLP54)	514
31065	A+k DXL 7030 OEM Replacement Lamp with Housing(All MOCP's lamps use Original Bulbs made by Philips or Osram)	514
16357	tb25-lpa compatible Toshiba TV lamp with Housing, 150 days warranty	514
17892	BulbWorld LX450 Projector Replacement Lamp With Housing for Christie Projectors	514
43721	Meyin Timing Cable Release for Canon SX 70D 600D 60D 550D 700D , Black	514
35099	Toshiba IPT2010-SD IP Telephone	514
15197	10Gbase-Sr Xfp 850Nm 550M Mmf Lc	514
37392	Acer Replacement Battery 6 cell for Acer Selected 3200 Series - 916-3060	514
16295	Philips Lighting Dukane ImagePro 8753 Projector Lamp with Housing	514
16357	powerlite presenter compatible Epson Projector lamp with Housing, 150 days warranty	514
25945	GloWatt TLP-LW3A / 75016682 Projector Replacement Lamp With Housing for Toshiba Projectors	514
25945	GloWatt EC.J0901.001 Projector Replacement Lamp With Housing for Acer Projectors	514
27227	US The Horse LED Eye-Protection Table Lamps	514
6875	Compatible Dell Projector Lamp, Replaces Model 1610X with Housing	514
30238	Hitachi CP-X4020 OEM Replacement Lamp with Housing(All MOCP's lamps use Original Bulbs made by Philips or Osram...	514
37392	Acer Replacement Battery 6 cell for Acer Selected 370 Series - BTP-73E1 BTP-73E1	514
16295	Philips Lighting BenQ DS655 Projector Lamp with Housing	514
12271	10 X E27 to Gu10 Lamp Converter	514
28653	Epson Replacement Lamp for Multimedia Projectors- EPSV13H010L64	514
33231	Ableto LSH-A85 LED Screen Sun Shade and Protector for Canon IXUS 130/1000/A2600/SX270	514
5810	Toshiba 50HM66 TV Lamp with Housing with 150 Days Warranty	514
12271	Arclyte Technologies PL03479 EPSON LAMP EMP-TS10; EMP-TW100; POWERLIT	514
25945	GloWatt TLP-LV8 / 75016611 Projector Replacement Lamp With Housing for Toshiba Projectors	514
28653	Epson Lamp Brightlink 425Wi; Brightlink	514
16411	Compatible Benq 5J.J2C01.001 Lamp	514
34269	Datastor PA-000214 OPTOMA LAMP P/N: SP.89F01GC01 REPLACEMENT WITH OEM BULB IN	514
25945	GloWatt 03-000761-01P Projector Replacement Lamp With Housing for Christie Projectors	514
16295	Philips Lighting Infocus DataView A100 Projector Lamp with Housing	514
16295	MOSFET Gen 10.7 FredFet 500V 1.5Ohm	514
26096	Hot Swap Voltage Controllers W/ANNEAL 8LD+12V SNG HOT PLUG CONTRLR 10 pieces	514
16357	"NIUTOP® LRUGB6361A 10.4"" LCD Display Panel with 90 Days Warranty"	514
16295	Philips Lighting RCA HD61LPW163YX1 Bare Lamp 265103R	514
16295	Philips Lighting NEC NP40 Projector Lamp with Housing	514
25945	Lamp module for NEC LT180, LH02LP Projectors. Type = NSH, Power = 210 Watts, Alt part code = LH02LP. Now with 2 years FOC warranty.	514
28653	Epson - Epson 170W UHE Replacement Lamp	514
133	e-Replacements -Compatible lamp for Epson	514
17892	BulbWorld TLP-X100 Projector Replacement Lamp With Housing for Toshiba Projectors	514
8320	- FL8D/29T16, Toshiba Lamp ASSY	514
16295	Philips Lighting Delta DP-3616 Projector Lamp with Housing	514
37303	Replacement Bulb for Powerlite 83C/882C Multimedia Projectors, 170 Watts	514
16295	Philips Lighting BenQ MP730 Projector Lamp with Housing	514
26544	BARCO LAMP CLM HD-6; CLM W-6R9801015	514
28159	Powerwarehouse Dell S300 Lamp - Premium Powerwarehouse Replacement Lamp QTY 2	514
35585	Toshiba 75012470 Main Unit - 75012470	514
34269	Datastor PA-000316 PANASONIC LAMP P/N: ET-LAD57W REPLACEMENT WITH OEM BULB IN	514
5106	PRO ELEC - 25-4900 - MR16 HIGH POWERED 3W WARM WHITE	514
11415	Replacement Bulbs for PowerLite Multimedia Projectors, 230 Watts	514
16295	2.1 DC Converter with Three 2.1 Port Cable Black	514
28653	Epson Replacement Bulb for PowerLite S9 Multimedia Projector	514
28653	Epson v13h010l21 Lamp Module for 53C/73C	514
25945	IBM M400 Replacement Projector Lamp 73P2790	514
16357	62hm85 compatible Toshiba TV lamp with Housing, 150 days warranty	514
6875	Compatible Dell Projector Lamp, Replaces Model 3200MP with Housing	514
16357	ux21513 compatible Hitachi TV lamp with Housing, 150 days warranty	514
17892	BulbWorld 52HM85 Lamp with Housing for Toshiba TV	514
12271	ARCLYTE TECHNOLOGIES, INC. LAMP FOR INFOCUS C200, LP650, TOSHIBA PL02493	514
16295	Philips Lighting Infocus C420 Projector Lamp with Housing	514
9730	Mwave Lamp for EPSON EMP-400WProjector Replacement with Housing	514
28159	Powerwarehouse Dell 330-6581 Lamp - Premium Powerwarehouse Replacement Lamp QTY 2	514
26544	R9801015 BARCO CLM W-6 Projector Lamp	514
9223	LilacLine useful Rotation Starry Star Moon Sky Romantic Night Projector Light Lamp Original!	514
30238	Hitachi CP-X3010 OEM Replacement Lamp with Housing(All MOCP's lamps use Original Bulbs made by Philips or Osram...	514
12271	Acer Lamp Vp110X; Vp150S; Vp150X60.J0804	514
40878	niceeshop(TM) 2.2W 160 Lumen 6000~6500K White Light LED Bi-Pin Lamp DC12V(White&Yellow,2 PCS)	514
36912	Adjustable Wireless Color Connected LED Iris Lamp, Connected to Smartphone/Tablet, Clear	514
16295	Philips Lighting Toshiba TLP-T701 Projector Lamp with Housing	514
11849	Lutema 33L3426-L02 IBM 33L3426 Replacement DLP/LCD Cinema Projector Lamp, Premium	514
12271	The Best PLANAR LAMP PD8130; PD8150997-5268-00	514
41696	Electrified Replacement Lamp with Housing for UTAX Projectors - Lamp 4677 - 150 Day Electrified Warranty	514
16295	Philips Lighting 3D Preception Action! M2 Projector Lamp with Housing	514
12271	Arclyte Technologies PL03425 HITACHI LAMP CP-RX94DT01241	514
16295	Global Specialties ARX-BOOK ASURO Robot Working Book, 110 Pages	514
41696	Electrified Replacement Lamp with Housing for Compaq Projectors - Lamp 4688 - 150 Day Electrified Warranty	514
31065	Toshiba TDP-B1 OEM Replacement Lamp with Housing(All MOCP's lamps use Original Bulbs made by Philips or Osram)	514
40946	eWorldlamp High Quality ACER Projector Original Bulb/Lamp Compatible for ACER U5200/N210/PN-X10/U5... PN-W10...	514
25945	Acer Replacement Projector Lamp for Acer Projectors EC.J1001.001	514
5115	Besmall Rechargeable 6 LED Flexible Clip on Desk Table Usb Light Lamp - Dual Adjustable Long Arm with 2 Head Perfect for Bbq, Grill, Reading, Working, Laptop, Book, Music, Piano, Bed, Desktop, Tabletop	514
2989	Brand new high quality Standalone LCD display Carbon monoxide detector	514
12271	Arclyte Technologies PL02952 LAMP FOR PLANAR PR5021997-5950-00	514
12271	Arclyte Technologies PL03427 ACER LAMP P5280EC.J6200.001	514
25945	GloWatt NP19LP Projector Replacement Lamp With Housing for NEC Projectors	514
16295	Philips Lighting Toshiba TLP-380 Projector Lamp with Housing	514
31065	Nec VT580 OEM Replacement Lamp with Housing(All MOCP's lamps use Original Bulbs made by Philips or Osram)	514
17892	BulbWorld TDP-MT100 Projector Replacement Lamp With Housing for Toshiba Projectors	514
12271	Arclyte Technologies PL03455 ACER LAMP P7200IEC.K2400.001	514
28653	Epson Genuine Epson 130W UHE Lamp	514
37254	Sanyo N2hr Main Unit - N2hr	514
31230	YODN Replacement With Housing For A+K ASTROBEAM S110 (SP-LAMP-LP2E)	514
16295	Philips Lighting Toshiba TDP-MT8 Projector Lamp with Housing	514
11849	Lutema 33L3456-L01 IBM 33L3456 LCD/DLP Projector Lamp, Economy	514
16295	Philips Lighting BenQ PE8260 Projector Lamp with Housing	514
16357	46hm94 compatible Toshiba TV lamp with Housing, 150 days warranty	514
31230	YODN Replacement With Housing For EPSON V11H244020 ELPLP39	514
16295	Philips Lighting BenQ PB7200 Projector Lamp with Housing	514
16295	Philips Lighting 3D Preception Action! M2 Projector Lamp with Housing	514
31065	3m MP8790 OEM Replacement Lamp with Housing(All MOCP's lamps use Original Bulbs made by Philips or Osram)	514
16295	Philips Lighting Toshiba TDP-M500 Projector Lamp with Housing	514
12271	Arclyte Technologies PL02986 ACER LAMP X110; X1161; X1161-3D; X1161A;	514
6875	Compatible Dell Projector Lamp, Replaces Model 1510X with Housing	514
25945	GloWatt 003-120239-01 Projector Replacement Lamp With Housing for Christie Projectors	514
12271	ACER LAMP P1223EC.JEA00.001	514
22149	Laptop Rubber Feet Set Compatible for Clevo W76cu 4 Pcs Self Adhesive	514
16295	PSG Lamp	514
16295	Philips Lighting Samsung HL-S4266W HLS4266W Bare Lamp BP96-01472A	514
16295	Sparepart: IBM Heat Pipe Base Heatsink **Refurbished**, 40K7245 **Refurbished**	514
12271	Arclyte Technologies PL03387 INFOCUS LAMP IN1100; IN1102; IN1110; IN1	514
3977	eWorldlamp High Quality EC.JC800.001 Original Bulb/Lamp Compatible for ACER Projector	514
30010	Epson EB-S72 OEM Replacement Lamp with Housing(All MOCP's lamps use Original Bulbs made by Philips or Osram)	514
43028	FI Lamps Compatible VT60LP Projector Lamp with New Housing for NEC Projectors	514
31065	A+k DXL 7015 OEM Replacement Lamp with Housing(All MOCP's lamps use Original Bulbs made by Philips or Osram)	514
17892	BulbWorld 72HM195 Lamp with Housing for Toshiba TV	514
41696	Electrified Replacement Lamp with Housing for Viewsonic Projectors - Lamp 4410 - 150 Day Electrified Warranty	514
5810	D95-LMP Toshiba 62HMX95 TV Lamp	514
16357	52hm84 compatible Toshiba TV lamp with Housing, 150 days warranty	514
26134	Epson V13H010L06 OEM Replacement Lamp with Housing(All MOCP's lamps use Original Bulbs made by Philips or Osram...	514
12271	Arclyte Technologies PL03682 SHARP LAMP XG-PH70X LEFT ; XG-PH70X-N	514
25945	Lamp for NEC Front Projector	514
133	Proj Lamp for Dell 2300MP	514
31230	YODN Replacement With Housing For NEC NP3251W (NP06LP)	514
16357	d95-lmp compatible Toshiba TV lamp with Housing, 150 days warranty	514
11954	EIKO ENX 82V 360W/MR16 GY5.3 Base Overhead Projector Lamp Bundle Of 3 Size: Pack of 3 PC, Personal Computer	514
16295	Philips Lighting Foxconn HE-S480 Projector Lamp with Housing	514
6457	Daylight U22080 Ultra Slim Magnifying Lamp XR, White	514
16357	01-00228-ER Compatible FP Lamp Smart Board	514
25945	Mwave Lamp for CHRISTIE DS+65Projector Replacement with Housing	514
37450	esfp, 1550nm, 80km, lc	514
16357	UX21511 Hitachi 50V500 TV Lamp	514
31065	Nec NP4100W OEM Replacement Lamp with Housing(All MOCP's lamps use Original Bulbs made by Philips or Osram)	514
43592	Hitachi DT00911 replacement lamp and filter for 401/301/450/306/206 projectors	514
16295	Philips Lighting Epson PowerLite 820P Projector Lamp with Housing	514
35099	TOSHIBA 42HL196 MAIN UNIT PE0135A-1	514
28653	Sharp DT300 Projector Assembly with OEM Compatible Bulb Inside	514
6152	V7 VPL2161-1N / Replacement Lamp ELPLP53 EPSON EPSON EB-1915 EB-1920W EB-1925W	514
12271	Arclyte Technologies PL02477 3M LAMP AD30X; AD40X; DT35MX; EP772; EX7	514
16295	Application Lava Lamp Patch	514
12271	Arclyte Technologies PL03979 BENQ LAMP UHP; MX618ST	514
23773	OEM Sharp AN-PH7LP1 / AN-PH7LP1/1 Projector Lamp for the XG-PH70X LEFT and XG-PH70X-N LEFT Projectors	514
1565	Genuine Konica Minolta 26NE83020 Fuser Heater Lamp #1	514
12271	Arclyte Technologies PL03739 PANASONIC LAMP PT-AE8000; PT-AE8000U; PT	514
31230	YODN Replacement With Housing For EPSON EB-W8 (ELPLP54)	514
43555	Compatible Lamp Compatible DT00771-ER for use with ViewSonic Projectors	514
16357	iq r350 pro compatible Barco Projector lamp with Housing, 150 days warranty	514
16295	Philips Lighting Acer PW730 Projector Lamp with Housing	514
30736	Original Nite Tritium Lamp Glowring keyring - NEW Clear Case - illuminates for up to ten years - Glow Pink	514
16295	Philips Lighting 3D Preception Action! M2 Projector Lamp with Housing	514
26134	Epson V13H010L08 OEM Replacement Lamp with Housing(All MOCP's lamps use Original Bulbs made by Philips or Osram...	514
9223	New 1Pc Pretty USB Glass Plasma Ball Lightning Sphere Lamp Light	514
43028	FI Lamps Compatible 03-000667-01P Projector Lamp with New Housing for Christie Projectors	514
28653	Epson 720C Projector Assembly with High Quality OEM Compatible Bulb	514
28653	ELPLP15 Compatible Lamp for Epson 811p	514
9223	New Beautiful Rotation Star Sky Romantic Night Projector Light Lamp Free shipping	514
37392	200W REPL LAMP FOR EC.J1001.001 FITS ACER PD523 PD525 DELL 2300MP	514
16357	r9841761 compatible Barco Projector lamp with Housing, 150 days warranty	514
12271	Arclyte Technologies PL02984 ACER LAMP N216; P5206; P5403; PN-X14EC.J	514
1519	Liesegang DT00531 OEM Replacement Lamp with Housing(All MOCP's lamps use Original Bulbs made by Philips or Osram...	514
42383	317-1135 DELL 4310WX Projector Lamp	514
35099	Toshiba Y67-LMP OEM Replacement Lamp	514
